id,代数,次数,三维1,三维2,三维3,重量,价格
23,0,14,2.39,2.34,2.34,84.49,76792
30,0,15,1.13,2.15,2.11,35.73,48888
69,0,15,2.51,2.15,1.51,91.26,58888
78,0,16,2.66,1.8,1.58,85.57,48800
83,0,15,1.88,1.88,1.73,66.91,46888
86,0,14,1.59,1.79,3.36,37.58,50000
91,0,15,2.36,1.78,1.38,81.94,60000
102,1,15,2.24,1.9,1.23,73.13,6333
103,1,13,1.12,1.42,1.42,30.88,4800
104,1,15,1.97,2.98,1.97,44.26,6999
106,1,14,1.9,1.85,1.9,78.44,6333
108,1,15,2.41,2.22,2.41,67.63,9999
110,1,14,1.98,1.99,1.58,63.38,7300
115,1,14,1.73,1.73,1.22,58.01,7188
121,1,14,1.64,2.02,2.01,59.75,6333
141,1,14,1.74,1.76,2.47,39.23,5499
158,2,12,1.96,1.93,1.95,92.74,6666
163,1,15,2.4,1.96,2.4,111.68,10888
167,2,13,2.2,1.28,1.45,63.36,1499
169,1,14,2.62,2.62,1.9,87.14,6333
174,1,15,2.37,2.29,2.36,45.23,5999
195,4,11,1.48,1.48,1.66,43.29,420
202,3,10,2.16,1.48,2.72,55.66,2222.2
206,2,14,1.54,1.96,1.96,45.39,1088.88
227,1,14,2.68,1.69,1.45,51.49,5369
248,2,14,1.97,1.97,1.22,80.5,1600
255,1,12,1.45,2.45,1.25,34.35,7888
261,1,14,1.1,2.13,2.35,32.38,5333
265,4,10,1.66,1.65,1.98,54.04,988.26
271,2,13,1.28,1.95,1.91,43.43,3000
272,3,12,2.24,1.98,1.95,54.53,1588
280,2,10,1.51,1.51,1.94,33.16,3300
320,1,14,1.83,2.39,1.96,72.68,6333
330,2,14,2.56,2.06,2.36,79.3,2500
333,1,14,1.3,1.8,1.3,46.79,7333
344,1,14,1.54,1.54,2.51,42.47,7888
352,3,7,2.11,2.11,2.11,83.51,8888.88
354,1,14,1.67,1.71,1.67,49.1,4866
361,2,11,2.41,2.38,2.38,47.96,9900
362,1,14,2.25,2.12,1.57,72.15,5800
368,4,10,2.55,2.55,2.55,89.59,3999
369,4,13,2.62,2.62,2.62,110.91,5188
377,3,13,1.88,1.93,2.9,71.2,2359
380,2,14,1.9,1.94,2.45,75.51,1880
385,2,14,2.32,2.32,2.39,96.43,3686.58
392,2,13,1.28,2.04,1.94,36.94,1288
393,3,12,2.01,2.02,2.54,66.55,5555
395,4,13,2.56,1.56,2.26,90.81,1499
410,2,14,1.48,1.91,2.56,47.23,1550
417,2,10,1.38,2.53,2.53,35.17,3500
418,2,14,2.03,1.68,1.2,44.26,760
427,4,5,1.99,2.61,1.9,73.57,700
459,7,3,1.39,1.5,1.14,9.35,999
460,2,10,1.69,1.35,2.49,26.3,2000
475,6,0,2.6,1.05,1.05,34.01,199
485,9,6,2.09,2.09,1.95,71.18,300
494,3,8,2.5,2.5,2.5,76.5,6666
500,2,9,1.45,1.45,2.5,54.55,5000
505,4,12,2.05,1.55,1.85,61.37,888.88
507,2,14,1.55,2.51,2.1,39.31,1100
514,1,13,1.87,1.87,2.87,48.92,8000
517,1,14,1.56,2.21,1.3,49.29,4000
520,6,0,1.96,1.3,1.96,54.83,6000
527,1,13,1.76,1.81,1.55,38.68,8888
546,6,10,1.41,1.25,1.5,27.48,159
565,2,13,1.83,1.81,1.56,54.65,2500
581,8,9,1.3,1.76,1.3,18.16,88.88
584,2,14,1.76,2.33,2.43,65.06,1999
590,1,14,2.34,1.36,2.35,61.75,15999
598,9,5,2.54,2.54,2.02,114.12,500
602,9,3,1.74,1.7,1.36,30.24,288
617,2,13,2.01,2.02,2.22,44.77,1699
619,1,14,1.91,2.91,1.2,42.58,6333
632,3,13,1.92,1.93,2.96,58.94,1477
638,2,14,1.7,1.7,1.63,66.98,2222
654,3,9,2.36,2.63,2.36,47.6,1000
656,4,12,1.9,1.83,1.93,78.85,1999
658,3,10,1.47,2.23,1.8,26.1,1180
664,1,14,1.23,1.93,1.96,41.26,6399
671,3,12,1.83,1.57,1.8,67.2,4500
673,3,12,1,1.1,2.43,27.38,687
701,2,9,2.14,1.64,2.14,70.41,2888
737,1,15,2.22,2.22,2.22,73.54,6988
742,7,9,1.92,2.47,1.9,84.98,1888
750,1,14,1.4,2.63,1.68,52.15,7666.66
780,8,7,2.69,1.48,1.99,57.48,315.8
785,7,8,2.04,2.04,2.06,51.53,421.05
795,8,6,1.58,1.84,1.58,32.94,99
808,6,9,1.98,1.64,2.64,77.5,1118
814,4,12,2.26,2.84,1.66,72.24,888.07
822,9,4,1.78,1,1.7,50.84,99
823,18,2,1.2,1.78,1.88,14.75,218
824,12,6,2.46,1.3,1.4,31.61,128
852,2,13,1.79,1.67,2.26,72.25,2800
858,15,1,1.8,1.1,1.8,17.49,188
859,2,13,1.39,2.09,2.16,61.18,1588
861,7,5,1.69,2.29,1.6,30.26,99
866,8,6,2.39,1.8,1.8,89.55,1299
882,8,5,1.86,1.86,1.49,54.76,688
884,8,3,2.88,2.88,1.4,95.48,333
894,2,13,1.78,1.99,2.78,50.87,2500
897,8,3,1,2.68,1.3,35.07,99
898,7,4,2.58,1.3,2.58,58.27,500
905,2,9,2.39,1.2,2.39,95.06,6666
912,4,10,2.27,1.49,1.5,53.6,800
913,3,11,1.99,1.99,1.29,97.24,1000
919,13,2,1.5,1.9,1.9,23.03,191.9
921,2,13,2.18,1.68,2.09,59.02,2222
931,3,11,2.29,1,2.29,42.01,2000
941,4,10,1.4,2.09,1.7,52.37,500
955,8,4,1,1,1.7,5.87,195.5
961,6,9,1.7,1.9,1.6,28.57,199.99
965,16,1,1.29,2.59,1.6,9.13,288
977,4,11,2.19,2.19,2.39,61.44,2300
978,2,14,2.19,2.19,2.19,70.6,3000
1026,13,1,1.71,1.04,1.92,19.45,26
1034,4,11,2.08,1.58,2.07,77.78,1400
1035,15,3,1.31,1.9,1.31,6.25,49.9
1036,8,0,1.3,1.1,1.1,0,88
1047,2,14,1.78,1.78,2.79,56.02,2440
1048,4,9,1.1,2.14,2.13,41.33,400
1053,7,5,2.17,1.76,1.76,53.4,300
1058,8,7,1.2,1.54,1.92,24.01,228
1062,7,4,2.15,2.15,1.87,35.77,288
1070,2,13,2.15,2.06,1.97,83.59,4500
1072,4,2,1.82,1.82,1.82,46.06,700
1093,4,13,2.28,1.21,1.21,48.56,940
1096,3,9,1.83,1.83,1.82,66.37,2000
1099,7,0,1,1.7,1.3,0,188
1101,8,0,2.27,2.62,1.88,85.04,600
1111,2,13,1.93,2.93,1.16,48.33,2222.22
1115,1,13,1.24,1.32,1.23,45.56,8888.88
1120,10,6,2.57,2.57,2.6,76.57,2000
1144,7,7,1.7,1.61,1.62,35.94,333
1156,9,2,1.1,1.4,1.1,0,88
1166,2,13,1.53,1.53,2.37,45.37,1599
1168,3,12,1.86,1.86,1.85,63.77,970
1176,8,7,2.48,1.24,2.47,93.97,699
1203,1,14,1.66,1.62,1.66,44.18,3988
1215,4,12,2.33,1.83,1.91,75.29,1000
1221,11,1,1.1,1.2,1.51,2.33,110
1230,2,12,1.94,2.12,1.64,69.44,3000
1263,7,3,1.68,2.7,2.36,53.94,388
1267,4,12,2.31,2.71,1.6,71.1,588
1275,14,3,2.31,1.11,1.21,3.32,25
1295,4,9,1.59,1.59,1.38,52.93,500
1314,2,13,1.47,1.34,1.48,48.57,3000
1315,6,5,2.52,2.52,2.52,70.71,700
1318,4,9,1.64,1.64,1.97,46.21,569
1324,4,12,2.04,2.03,2.03,59.67,1100
1344,8,0,1.5,1,1.2,0,150
1361,2,14,1.65,2.35,1.67,52.22,1688
1362,8,4,1.1,1.4,1.5,0.15,80
1373,4,12,1.15,1.98,2.21,37.75,399.99
1385,4,10,1.23,1.87,1.11,38.87,499
1387,4,10,2.37,2.41,1.73,69.72,1900
1398,4,8,3.03,1.87,3.03,122.79,3999
1431,2,14,2.23,1.9,1.9,77.44,2299
1449,2,14,1.24,1.24,2.13,30.6,1229
1454,16,0,1.5,1,1,0,100
1463,12,1,1.2,1,1.5,0.53,19.9
1465,14,1,1.79,1.56,1.79,36.87,50
1472,9,2,1.6,1,1,0,100
1474,11,5,2.83,2.17,2.16,69.61,249
1502,10,4,1.98,2.29,2.28,63.22,666.66
1503,7,7,1.5,1.72,1.33,28.66,66.6
1506,6,5,1.49,1.49,1.49,33.79,500
1511,10,5,3.12,1.66,1.68,83.32,150
1538,2,13,2.75,2.14,2.17,85.4,3388.38
1546,4,12,1.48,1.65,1.73,33.67,299
1554,14,3,1.5,1.1,1.6,0,30
1561,2,11,1.28,2.26,2.26,44.05,1399
1584,3,13,1.28,2.05,1.31,42.91,999
1590,17,0,1.9,1.5,1,0,25
1596,7,10,2.94,1.93,2.93,82.63,699
1603,4,13,1.65,2.2,1.33,49.84,299
1627,17,5,1.92,1.32,1.9,80.35,90
1629,4,3,2.08,2.07,2.37,45.29,599
1631,6,6,2.33,1.42,2.33,55.87,599
1641,16,1,1.52,1.52,1.7,16.7,22
1643,2,13,1.48,1.43,2.15,53.48,1588
1652,5,8,1.73,1.5,2.42,59.79,2018
1661,4,12,1.95,1.95,1.47,65.3,444.44
1668,18,1,1.93,1.33,2.38,32.14,52
1671,6,1,1.2,1.22,2.03,29.21,400
1673,19,0,1.62,1.52,1.6,22.23,35
1681,11,5,2.13,2.17,2.15,43.5,100
1685,3,9,2.48,2.48,2.48,98.16,6666
1686,17,0,1.32,1.6,1.9,1.4,9
1701,2,13,2.39,1.4,1.42,69.77,1560
1703,11,2,2.27,1.22,2.23,43.94,88
1707,12,2,1,1.62,1.9,6.68,50
1708,6,10,1.59,1.95,1.9,52.62,218.88
1710,8,6,1.22,1.6,1.22,4.34,35
1714,3,13,1.97,2.32,2.94,66.17,2088.01
1738,8,1,2.17,2.19,2.12,80.07,3866
1739,6,3,1.47,1.95,1.82,52.49,298
1744,8,0,1.1,1.4,1.12,7.09,100
1745,19,0,1,1.4,1.9,0,10
1748,13,0,1.82,1.82,1.2,12.37,54
1750,24,0,1.1,1.3,1.7,0,10
1755,24,1,1.6,1.6,2.12,11.57,15.8
1764,6,6,1.4,1.1,1.1,3.29,180
1768,8,6,2.17,1.85,1.85,84.01,319
1770,20,0,1.5,1.1,1.9,0,15
1776,8,6,2.15,2.15,2.31,39.19,1199
1780,6,7,2.35,1.12,1.5,56.66,298
1783,4,12,2.12,2.22,2.17,77.53,1378.8
1814,13,3,1,1.1,1,2.18,50
1820,10,3,1.2,1.3,1.7,0,60
1826,14,0,1.5,1.3,1.1,0,88.88
1833,7,3,1.72,1.95,1.22,56.23,288
1843,20,0,1.8,1.1,1.5,7.53,20
1852,14,0,1,1.5,1.1,0,8.8
1854,8,0,1.5,1.5,1.4,0,100
1867,8,0,1.4,1.8,1.9,0,280
1870,2,13,2.74,1.78,1.41,91.66,3288
1880,8,5,1.92,2.21,1.56,56.68,299
1888,21,3,1.8,1,1,0,288
1892,11,4,2.21,2.65,2.21,73.64,198
1894,6,8,1.08,1.08,2.37,31.4,238
1913,1,14,2.04,2.04,2.02,80.73,6333
1915,4,11,1.76,1.94,2.26,55.96,700
1919,10,1,1.5,1.5,1.1,0,99.99
1929,2,13,1.87,1.61,1.87,68.91,1800
1934,6,8,1.8,2.58,1.8,75.94,588
1938,15,1,1.2,1.1,1.72,0.47,33
1955,11,1,1.3,1.82,1.9,2.85,18
1956,18,0,1.52,1.5,1.7,1.67,10
1967,8,5,1.48,1.48,2.18,34.03,169
1974,4,10,2.06,2.06,1.42,72.9,574
1984,13,1,1.3,1.7,1.7,0,30
1991,6,8,1.28,1.96,2.1,48.56,269
1994,10,0,2.02,2.08,2.04,40.66,99
2015,3,12,1.78,2.14,2.78,48.2,1996
2037,3,13,1.12,1.12,1.5,28.91,455
2038,18,0,1.5,1.1,1.5,6.61,35
2039,4,11,2.22,2.08,2.06,61.29,888
2055,18,0,1.7,1,1.5,7.15,25
2056,15,1,1.3,1.9,1.4,5.47,10
2066,15,4,2.1,1.5,2.12,39.72,288
2069,19,0,1.9,1.2,1.2,7.99,25
2076,18,0,1.9,1.72,1.1,8.39,30
2077,19,0,2.02,1,1.1,7.51,10
2083,3,10,3.08,1.62,1.64,52.67,1350
2087,4,12,1.62,2.22,1.76,52.66,520
2095,13,4,1.88,2.26,1.88,42.85,38
2103,4,11,1.44,1.76,1.76,35.8,388.88
2105,18,1,1.1,1.62,2.14,10.19,8.38
2112,12,1,1.1,1.5,1.3,7.53,33.33
2114,3,12,2.66,2.22,1.65,87.88,2288
2117,8,2,1.52,1.63,1.95,23.24,128
2126,10,2,1.76,2.06,2.81,47.6,68
2143,23,0,1.7,1.2,1.4,0,10
2159,8,4,1.76,1.79,2.04,21.78,120
2160,2,13,1.2,1.14,1.43,31.94,988
2162,15,0,1.3,1,1.82,1.58,6.66
2166,11,2,2.12,1.54,2.12,7.35,100
2170,19,0,1.4,1.5,1.7,1.7,6.66
2179,15,0,1.6,1,1.8,7.1,25
2184,7,2,1.2,1.12,1.7,1.46,99.99
2188,2,14,1.79,1.79,1.74,44.37,1008
2221,4,12,1.87,1.87,2.83,81.29,999
2228,11,3,1.9,1.82,1.87,58.92,45
2235,16,1,1.52,1.77,1.62,14.19,33
2237,10,4,1.52,1.9,1.34,48.74,50
2247,3,11,1.22,2.19,2.27,19.33,829
2255,8,0,1.9,1.8,1.2,2.76,80
2256,14,2,1.92,1.1,1.2,6.56,14.88
2258,17,0,2.05,1,1.8,7.52,40
2286,22,1,1,1,1.1,0,88.88
2294,17,0,1.82,1.85,1.85,37.13,50
2295,21,0,1,1.9,1.42,1.23,6.66
2297,4,6,1.12,1.75,1.95,28.52,240
2306,3,12,1.82,2.29,1.92,60.43,1529
2307,20,2,1.7,1.2,1.2,0,28.88
2311,12,1,1.85,1.85,1.85,71.7,888.88
2313,8,4,1.3,1.75,2.37,45.41,300
2317,25,1,1.9,1.5,1.2,0,15
2322,3,13,2.04,1.87,2.04,61.92,2200
2332,7,10,1.5,1.1,1.3,0,50
2335,2,13,2.19,1.62,2.07,55.9,1600
2338,11,0,1.97,2.15,1.97,60.4,188
2344,1,14,1.87,1.12,2.15,61.01,4999
2358,12,1,2.04,1.12,1.87,75.38,149
2362,25,1,1.8,1,1.62,8.05,10
2373,8,9,1.1,1.42,1.1,7.91,69.66
2377,2,13,1.77,2.52,1.75,70.26,1399
2378,10,3,1.6,1.5,1.42,1.98,20
2388,7,6,2.17,1.82,1.72,49.69,300
2415,6,8,2.11,1.17,1.17,53.04,255
2420,8,3,1.2,1.7,1.72,33.74,80
2422,17,0,1.1,1.7,1,0,7
2431,4,1,1.27,1.79,1.72,24.48,699
2437,21,0,1.9,1.5,1.3,0,10
2443,4,10,1.74,1.97,1.74,41.18,349
2451,24,0,1.5,1.3,1.7,0,10
2454,11,7,1.3,1.2,2.32,23.97,26.99
2465,4,4,2.37,2.2,2.2,56.84,1288
2475,16,0,1.6,2.05,2.25,32.36,39
2482,26,2,1.9,1.92,1.92,51.7,300
2486,23,1,2.3,2.3,2.27,42.03,50
2493,2,11,1.17,2.12,2.12,24.97,1800
2496,2,14,1.85,2.27,1.25,64.26,1497
2502,3,12,1.93,1.98,2.3,87.47,1983
2503,4,6,2.38,1.2,2.2,58.45,800
2506,2,14,2.55,2.58,1.38,60.93,828
2511,7,3,1.93,1.1,2.65,26.27,150
2513,26,2,1.53,1.63,1.4,10,12
2514,17,0,1.6,1.4,1.4,3.6,10
2516,8,2,2.13,2.25,1.98,49.45,399
2522,16,2,1.8,1.9,1,0,25
2531,12,1,1.5,1.2,1.2,0,3
2547,6,10,1.55,1.88,1.1,32.7,60
2570,2,14,1.68,2.13,2.13,68.8,1999
2582,17,0,1.9,1.4,1.5,0,20
2589,19,0,1.5,1.3,1.5,0,20
2593,3,12,1.48,1.53,2,48.53,699
2594,12,4,1.2,1.7,1.3,5.42,3
2603,16,4,1.2,1.7,1.6,0,1.9
2604,5,11,1.86,1.9,1.88,50.52,388.88
2608,9,1,1.2,1.4,1.83,23.16,200
2628,15,0,1.9,1.5,1.5,0,88.88
2633,4,12,2.91,1.83,1.88,100.5,2000
2636,19,0,1.7,1.6,1.6,7.25,25
2642,9,2,2.18,1.58,2.13,30.86,138
2652,5,8,2.11,2.11,2.11,54.93,2000
2662,20,1,1.73,1.3,1.3,8.16,8.8
2663,16,0,1.53,1.3,1.9,31.96,50
2671,10,1,1.9,1.8,1.6,5.32,28
2678,10,3,1.6,1.2,1.3,0,25
2679,15,4,1.3,1.9,1.9,6.24,160
2682,13,0,1.8,1.43,1.43,8.17,25
2686,28,0,1.1,1.7,1.2,0.3,15
2696,4,3,2.36,2.36,1.36,59.66,586.68
2704,19,2,1.63,1.6,1.8,11.01,35
2711,21,0,1.6,1,1.9,0.43,600
2730,17,1,1.2,1.1,1.5,0,10
2733,10,3,1.98,1.68,1.68,31.96,56
2737,4,12,2.05,1.96,2.22,71.32,999.99
2740,17,0,2.35,1.53,2.13,25.74,88
2748,2,13,1.5,1.53,2.08,53.62,888
2751,18,0,1.96,1,1.7,22.32,50
2753,12,3,1.1,1.5,1.2,0,9
2757,19,0,1.56,1.53,1.7,2.64,10
2770,2,14,1.94,1.37,2.14,54.58,1200
2776,5,3,1.71,1.87,2.64,43.89,325
2779,10,0,1.13,1.5,1.03,2.06,18
2780,24,2,1.83,1.66,2.03,24.31,28
2781,16,1,1.43,1.5,1.96,25.13,36
2792,22,0,1.1,1,1,6.11,7
2794,8,2,1.34,2.18,1.96,27.91,400
2803,2,13,1.68,1.31,1.31,67.73,1055
2807,10,0,1.56,1.68,1.97,32.78,166
2809,13,0,1.2,1.5,1.9,0,3.8
2814,18,1,1.3,1.7,1,2.4,6
2826,19,0,1.9,1.2,1.2,8.14,25
2827,18,1,1.83,1.23,1.23,0.52,4.5
2829,6,9,1.85,1.3,2.3,45.68,222.22
2837,16,0,1.9,1,1.4,0,10
2839,8,8,2.06,1.29,1.93,44.54,200
2859,1,13,1.94,1.53,2.74,55.72,5699
2868,15,0,1.5,1.5,1.2,6.86,88.88
2880,2,11,2.66,1.84,1.67,89.18,2888
2884,22,0,1.9,1.4,1,0,10
2887,29,0,1.9,1.43,1.7,16.3,20
2893,13,1,2.09,2.7,1.7,52.62,58
2896,18,0,1.6,1.4,1.7,6.86,30
2898,13,0,1.4,1.8,1.6,8.62,120
2900,1,14,1.54,2.25,2.25,49.58,7999
2906,4,12,2.99,1.97,2.99,89.7,1488
2910,4,12,2.06,1.45,1.73,70.34,740
2915,30,3,1.97,1.3,1.76,17.76,15
2917,5,9,1.59,1.36,1.86,34.46,198
2926,4,10,2.19,2.19,2.22,77.71,1500
2930,13,0,1.5,1.6,1.1,0,5
2935,10,4,1.1,1.5,1.3,5.05,13
2938,9,1,1.83,2.33,1.8,52.73,400
2954,8,1,2.13,1.73,1.5,18.29,100
2973,8,0,1.3,1.1,1.5,0,120
2981,20,1,1.03,2.06,1.53,7.81,6.66
2986,4,4,2.06,2.06,1.53,70.4,800
2988,14,1,1.73,1.9,1.2,2.59,88.88
2997,4,6,2.46,2.36,1.2,56.91,940
2998,23,1,1.7,1.9,1.4,0,99.88
10795,8,5,1.6,1.7,1.4,0,8.88
3039,7,3,1.33,1.23,1.5,2.53,99.9
3049,12,1,1.3,1.6,1.1,0,5.9
3060,14,0,1.6,1.5,1.4,0,88
3079,8,5,2.39,2.23,2.23,53.04,777
3086,2,13,2.02,1.49,2.12,50.64,2599
3099,4,11,1.33,1.6,1,4.72,200
3100,16,4,1.93,1.96,2.19,69.64,80
3104,17,0,1.4,1,1.1,1.83,4.69
3112,4,10,2.02,2.01,2.01,85.06,1234.66
3113,21,2,1.63,2.42,2.79,55.23,50
3127,8,3,1.53,1.5,1.53,3.01,288
3130,1,13,1.73,1.66,1.89,40.41,4888
3134,13,6,1.4,1.03,1.03,0.44,5
3155,17,0,1.2,1.43,1.9,10.36,25
3156,2,5,2.33,2.33,2.33,55.69,6999
3164,18,0,1.93,1.5,1.5,4.19,20
3172,24,1,1,1.5,1.43,2.32,2
3174,7,8,1.63,1.9,1.63,27.61,100
3177,19,2,1,1.63,1.9,0.64,50
3184,18,0,1.33,1.5,1.6,2.55,5
3195,1,14,1.8,1.8,1.86,83.05,3988
3212,2,14,2.06,1.76,1.76,84.28,1499
3215,5,5,1.93,2,2.93,68.79,1888
3230,5,10,1.43,2.56,1.93,45.84,388
3231,1,12,1.56,1.56,1.6,39.82,5566
3266,4,10,1.93,1.46,1.46,53.9,488
3272,2,14,2.37,1.9,2.9,83.27,11111
3288,5,9,1.73,1.1,1.8,49.37,280
3294,4,2,2.17,2.07,1,72.23,500
3295,18,1,1.4,1.3,1.4,0,5
3300,5,11,2.3,1.9,1.9,62.44,399
3303,5,0,1.7,2.07,2.07,41.41,167
3308,5,10,1.2,1.9,1.2,44.25,178
3326,16,0,1.1,1.7,1.2,0,3
3345,5,10,1.87,1.87,1.83,65.82,388
3353,19,0,1.4,1.9,1.5,0,5
3364,5,4,1.3,2.17,1.43,9.55,218
3372,5,9,2.8,2.47,1.93,47.64,618
3374,2,12,1.47,2.13,1.6,27.06,1100
3375,5,5,1.1,1.7,1,0,72
3379,19,0,1.8,1.4,1.4,0,5
3381,5,9,1.43,1.93,1.93,47.08,388
3386,5,10,1.84,1.47,2.1,41.32,299
3391,5,10,2.47,2,2.47,69.42,697
3403,5,1,2.2,2,2.24,63.42,888
3404,5,11,1.6,2.54,1.67,41.25,211
3407,5,10,1.64,2.67,2.67,35.5,298.8
3424,5,12,2.84,1.97,1.63,87.19,488
3426,5,11,1.91,1.91,2.14,67.3,999
3431,5,9,1.67,1.9,1.23,23.56,160
3439,5,3,1.8,1.4,1.5,7.82,249
3451,5,10,2.34,1.97,2.34,59.1,1256
3469,5,2,2.01,2.14,2,55.18,388
3498,5,10,2.05,2.38,2.38,63.76,777
3515,2,13,1.61,1.61,1.88,47.55,999
3519,10,1,2.04,1.81,2.07,81,389
3540,2,13,2.25,2.25,2.25,58.78,6969.69
3550,5,10,2.01,2.01,2.11,39.35,240
3551,5,5,2.21,1.54,1.54,82.47,1000
3552,5,8,1.94,1.51,1.94,49.9,239
3566,5,9,2.78,2.81,2.81,69.72,1111.11
3571,5,8,2.56,2.08,2.56,78.67,1800
3572,5,4,1.84,2.14,2.21,60.86,600
3576,5,10,1.65,2.45,2.45,47.11,388
3584,5,11,1.38,1.29,1.69,42.94,333
3585,5,10,1.88,1.52,1.07,58.47,240
3593,5,9,1.91,1.54,1.8,53.95,468
3603,5,4,1.4,1,1,0,150
3615,5,6,1.67,1.41,1,14.34,666
3620,5,11,2.04,1.94,1.74,56.53,488.85
3621,16,0,1,1.84,1.9,4.36,40
3624,20,0,1.7,1.4,1.2,0,15
3625,8,2,1.7,2.47,1.1,22.86,55
3632,5,10,1.57,1.64,1.84,53.78,388
3636,5,10,1.07,2.11,1.41,21.8,79.99
3643,5,11,2.11,2.11,2.72,75.23,1688
3644,5,9,2.01,1.55,2.55,61.37,521.13
3664,5,11,2.41,1.34,2.35,57.56,400
3670,5,10,1.31,1.54,1.34,19.92,300
3678,2,12,1.77,1.77,1.4,76,1600
3683,5,10,2.36,1.61,2.36,73.14,555
3691,5,10,2.04,1.37,1.37,64.77,248
3695,7,4,1.57,1.97,1.57,41.26,188
3720,5,9,1.14,2.04,2.04,28.89,155.55
3722,5,10,2.33,1.79,2.37,62.88,549.66
3727,5,10,1.85,1.45,2.01,57.9,377
3729,5,8,1.69,2.69,2.49,45.66,328
3733,16,2,1.4,1.3,2.04,9.45,15.56
3737,5,4,1.54,1.24,2.01,46.76,449
3738,5,6,1.91,1.1,2.99,62.45,488
3740,2,13,1.35,1.72,1.11,32.42,789.69
3747,5,10,1.57,3.15,3.15,49.81,800
3748,5,7,1.2,1.91,2.11,25.8,222
3751,5,10,1.88,1.84,1.5,66.29,588
3754,2,13,1.98,1.94,1.14,65.72,1500
3767,5,7,2.08,2.55,2.55,44.67,380
3778,5,7,1.24,1.8,2.95,48.12,1888
3793,5,1,1.95,1.6,2.25,70.75,750
3797,5,11,1.91,1.93,2.11,57.24,400
3809,33,1,1.7,1.1,1.2,0,33333.33
3810,5,10,2.04,1.3,1.44,51.26,350
3817,5,10,1.1,1.3,1.4,2.36,159
3832,5,5,1.77,1.93,1.77,48.41,432.21
3837,5,10,2.22,1.18,1.78,64.05,698
3840,5,12,1.75,2.09,2.05,48.75,1000
3848,8,7,1.5,1.34,1.34,12.58,66.66
3850,5,10,1.39,2.71,1.88,34.05,300
3864,5,8,1.44,1.7,1.64,61.87,388
3876,5,10,2.53,2.29,2.29,93.23,1568
3883,5,10,1.46,2.16,1.46,29.09,160
3886,5,11,1.87,1.73,2.06,59.7,299
3892,5,10,1.24,1.22,2.08,42.68,260
3895,5,11,1.62,1.04,2.07,52.22,388
3909,5,10,1.58,1.56,2.13,48.08,200
3915,5,5,1.2,1.7,1,0,90.1
3942,5,9,1.9,2.2,1.9,57.99,269
3945,5,11,1.48,1.5,1,30.37,168
3976,5,4,1.22,1.78,1.68,34.36,268.38
3980,5,11,2.36,1.86,2.38,21.35,560
3983,5,8,1.8,1.6,1.2,43.17,240
3985,5,0,1.5,1.5,1.1,48.88,588
3993,16,0,1.6,1.4,1.4,0,50
3996,20,2,2.82,1.6,1.6,32.96,50
4004,5,9,2.48,1.58,1.88,76.8,400
4008,5,10,2.16,2.04,2.16,39.89,388.88
4014,19,1,1.8,1.6,1,0,3
4021,5,8,1.52,1.58,1.58,51.22,139
4032,5,1,1.1,1.4,1.4,0,67.8
4057,5,10,1.04,2.56,1.4,43.3,138
4070,5,9,2.56,1.58,1.78,71.09,399
4073,19,0,1.5,1.1,1.4,0,5
4075,5,10,1.79,2.49,1.8,40.33,200
4081,5,8,2.04,2.38,2.14,38.04,380
4086,5,6,1.86,2.42,1.54,38.07,260
4091,5,11,2.45,2.7,1.46,53.79,339
4092,5,9,2.41,1.87,2.09,76.15,887
4099,8,9,2.02,2.02,1.66,41.24,50
4100,4,12,2.32,2.52,1.7,76.22,1280
4104,5,12,2.37,2.43,2.37,88.05,1199
4133,5,11,2.61,1.84,1.32,39.78,350
4136,5,1,1.4,1.3,1.4,3.38,500
4143,5,11,1.91,1.89,2.9,65.93,999
4149,5,9,1.68,2.48,2.48,47.48,588
4150,5,11,1.18,1.18,2.22,29.32,220
4151,5,10,1.84,1.92,1.84,76.76,866
4156,5,9,1.5,1.64,1.64,15.12,350
4157,10,3,2.17,2.17,2.21,71.68,782
4158,2,13,1.55,1.58,1.54,41.22,998
4163,5,9,1.44,2.18,2.58,48.81,399
4164,5,10,1.32,2.02,1.87,45.91,258
4176,5,8,1,1.8,1.1,0,131
4193,5,7,2.38,2.33,2.38,83.04,750
4202,5,4,1.94,2.53,1.94,55.23,566
4243,5,10,1.34,2.48,1.24,17.8,166
4250,5,8,1.24,2.19,2.23,25.38,175
4264,5,0,1.3,1.4,1.1,0,300
4266,2,12,1.53,1.53,1.04,55.21,1800
4269,24,1,1.1,1.1,1.1,5.34,10
4279,5,10,1.71,1.73,2.43,44.85,300
4286,5,8,1.34,2.09,2.09,38.91,265
4293,4,3,2.03,1.24,2.09,30.55,558
4300,5,6,2.47,1.6,2.47,54.54,999
4313,5,11,1.89,2.23,1.89,57.06,460
4315,5,8,1.64,1.8,1.74,38.48,233
4323,5,11,2.33,1.34,2.39,71.07,678
4324,5,6,1.73,2.23,1.14,49.46,222
4337,5,3,1.72,1.7,1.99,50.41,399
4343,5,7,1.77,1.92,1.77,27.64,200
4349,5,10,2.03,1.57,1.54,39.77,158
4359,5,9,2.29,1.49,2.29,90.26,1500
4363,5,12,1.54,2.73,1.64,44.07,388
4364,5,11,3.05,2.13,3.05,87.71,1000
4378,5,3,2.75,1.18,2.75,78.89,700
4384,5,10,1.7,1.74,2.39,60.48,996
4391,2,14,2.58,2.58,1.63,79.28,4000
4393,5,10,1.84,1.89,1.6,32.82,175
4395,5,12,2.24,2.19,2.24,50.66,345
4407,13,0,1.6,1.8,1,3.91,6.66
4408,10,1,1.1,1.1,1.2,0,18.8
4412,3,10,1.04,1.14,1.3,10.18,588
4415,5,7,1.98,1.53,1.53,46.04,327.07
4419,5,12,1.93,1.99,1.88,47.43,288
4426,5,9,1.24,1.99,1.9,40.1,300
4431,5,10,1.3,1.94,1.44,41.14,128
4434,5,8,1.98,2.03,2.97,51.86,468
4436,10,0,1.89,1.89,2.33,51.67,888
4461,5,7,1.54,1.73,2.71,53.01,259
4463,5,2,2.14,1.5,1.54,47.68,199.96
4467,5,10,1.2,1,1.1,0,70
4469,5,4,2.03,1.74,1.74,55.32,450
4475,6,1,1,1.3,1.4,0.45,135
4476,5,10,2.63,2.03,2.03,72.17,1388
4500,5,9,1.99,1.2,1.95,40.73,299
4503,5,9,2.67,1.93,2.68,72.77,1999
4504,5,9,2.71,2.71,2.71,83.44,4000
4505,2,13,1.75,1.79,1.3,43.92,1500
4509,2,13,1.75,2.38,1.55,48.85,998
4515,2,13,2.19,1.4,1.49,31.45,1144
4517,5,2,2.29,1.99,1.49,78.73,528
4528,25,1,1.3,1.1,1.7,1.89,88.88
4531,8,4,2.53,1.98,1.89,71.77,333
4533,14,0,2.35,1.3,1,8.46,12
4535,8,1,1.84,1.75,2.29,43.56,149
4536,10,5,1.25,1.25,1.35,14.83,28
4539,10,1,1.1,1.6,1.2,3.2,16.66
4543,10,0,1.1,1.8,1.6,0,11.11
4546,5,9,1.8,2.24,2.68,73.47,888
4547,5,0,1.6,1.8,1.4,0,2000
4555,5,10,1.69,1.65,1.25,43.09,150
4557,11,0,1.5,1,1.6,4.37,20
4563,10,1,2.33,1,2.08,52.94,98
4570,5,11,2.19,1.55,2.28,66.39,999
4577,18,0,1.5,1.55,1.45,13.37,12
4588,2,13,1.15,1.69,1.15,28.66,989
11278,8,3,1.12,1.8,1.21,3.46,6
4619,2,0,1.24,1.24,2.18,42.51,2500
4626,16,1,2.09,1.94,1.95,58.99,109
4631,5,10,1.59,1.79,1.79,46.89,300
4635,6,9,1.8,1.6,1,8.74,49.99
4642,5,9,1.65,1.49,1.74,63.83,388
4647,5,10,1.4,1.2,2.19,14.45,149
4649,5,2,1.75,1.89,2.39,53.03,388
4656,13,0,1.7,1.3,1.2,9.17,9
4673,5,11,1.9,1.29,1.75,64,888
4675,7,5,2.09,2.09,1.8,48.09,199
4676,9,1,2.25,2.53,2.64,66.53,299
4678,24,1,1.95,1.8,1.2,29.02,15
4684,5,7,2.35,1.45,1.19,36.15,180
4695,4,6,1.75,2.15,1.75,23.85,499
4696,11,1,1.7,1.7,1,7.6,50
3010,9,8,1.4,1.2,1.5,0,9.99
4708,5,2,1.79,2.64,2.24,50.61,280
4709,9,2,1.1,1.3,1.2,0,20
4716,10,3,2.15,2.19,2.14,57.56,99
4717,16,0,1.6,2.15,1.4,11.11,46
4726,5,0,1.64,1.94,1.99,27.91,300
4730,5,9,1.79,1.93,1.79,28.52,199
4737,5,7,2.54,1.39,2.54,56.96,666
4744,5,11,1.89,2.49,2.15,45.86,320
4753,5,10,1.6,1.95,1.8,70.53,388
4756,5,3,2.39,1.5,1.8,45.31,399
4762,5,9,2.5,2,1.45,56.76,260
4768,9,1,3.19,3.19,1.5,70.59,290
4773,5,6,1.2,1.3,1.2,10.12,111
4777,5,10,2.69,1.6,1.84,73.79,579.66
4778,5,4,2.24,1.54,1.7,70.91,555
4785,5,10,1.6,1.2,1.84,42.73,210
4793,2,13,2.04,2.04,2,51.2,1666
4795,5,11,1.15,2.44,2.15,37.34,150
4797,5,10,1.69,1.6,1.8,42.27,250
4806,5,9,2.29,1.3,2.1,70.52,777.77
4808,5,10,1.55,1.34,2.29,45.59,380
4817,5,9,1.9,1.9,2,73.33,822
4818,5,9,1.1,1.35,1.3,23.43,68
4824,5,8,1.65,1.05,1.05,52.69,199
4835,4,11,1.34,2.34,1.94,41.3,330
4836,5,11,1.85,2.89,2.84,41.26,300
4840,5,10,1.9,1.94,2.94,67.28,1350
4847,5,5,1.29,2.19,2.19,26.74,199
4849,2,14,1.7,2.04,2.04,52.22,1288.88
4850,2,11,1.65,1.65,1.55,38.22,888.88
4862,5,5,2.25,1.65,1.79,55.15,2500
4882,5,11,2.05,1.15,2.15,64.99,588
4890,9,2,1.55,2.5,1.55,48.16,66
4892,13,4,2.45,1.95,2.1,86.12,200
4902,5,10,1.85,1.4,1.85,63.41,388
4919,5,9,1.45,2.5,2.45,48.49,399
4924,10,1,1.2,1.2,1.1,0,12
4936,5,10,1.95,2.1,1.35,49.92,150
4941,5,8,2.4,1.75,1.75,57.29,388
4952,5,9,1.5,2.5,2.35,26.97,166
4962,4,6,2.4,1.35,1.35,77.61,799
4963,9,0,1.3,1.2,1.4,0,18.7
4964,5,5,1.35,1.35,2.55,34.14,199.99
4967,5,7,1.2,1.95,2.4,31.55,187
4972,6,2,1.95,1.5,1.95,80.58,800
4973,4,8,1.2,1.2,2.35,41.25,354
4982,5,11,2,1.55,2,72.38,666
4993,10,2,2.3,1.45,1.1,46.86,280
5013,5,12,2.15,1.55,2,61.79,300
5017,14,1,1,1,1,0,55.55
5030,6,2,1,1.5,1.35,8.53,60
5035,5,10,1.55,2.55,1.8,34.51,200
5041,5,2,1.3,1.6,1.1,0,150
5042,5,10,1.4,1,1,3.52,139.99
5043,5,8,2.1,1.55,1.7,47.05,288
5049,14,1,1.8,1.1,1.2,0,8
5077,5,10,1.65,1.95,2.75,48.68,799
5078,5,4,1.5,1.65,2.6,44.33,388
5098,9,8,1.6,1.6,1.1,2.42,5.89
5099,2,13,1.8,1.8,1.2,79.41,999
5100,5,0,1.5,1.6,1.6,6.76,300
5102,5,11,1.1,2.16,2.1,35.03,420
5107,5,9,1.75,1.5,1.8,21.52,280
5111,8,3,1.7,2.4,1.7,41.9,200
5116,5,9,2.35,2.4,1.4,53.64,469
5119,5,9,1.7,2.3,1.6,46.02,188.88
5121,14,0,1.4,1.4,1.4,23.29,38.88
5128,10,4,2,1.2,1.4,20.09,88.88
5144,11,5,2.96,2.96,2.96,98.72,1000
5145,4,6,1.65,1.66,2.16,60,588
5154,5,0,2.4,1.8,1.1,33.21,220
5163,10,0,1,1.85,1.9,6.55,30
5166,9,4,1.4,1.3,1,0,19.89
5169,5,12,2.31,1.8,2.2,64.2,488
5175,5,9,2,1.56,1.61,65.16,1999
5183,10,2,2.3,1.4,1.75,47.51,58
5186,5,10,2.4,1.85,1.75,48.18,399.01
5193,8,0,1.9,1.45,1.1,8.59,88
5203,5,10,2.86,1.66,2.71,130.97,1899
5205,5,11,1.95,1.9,1.9,55.91,399
5212,9,0,1.2,1.5,1.3,0,99
5214,5,11,2.27,2.26,1.8,66.06,280
5217,2,13,1.8,1.91,2.15,54.33,1389.08
5219,5,6,1.65,1.2,1.2,4.57,135
5223,10,4,1.65,1.6,1.05,44.66,32
5227,10,0,1.8,1.3,1.8,21.76,50
5245,5,11,2.36,2.06,2.36,60.21,555
5248,5,7,1.76,2.46,3.31,40.4,590
5249,10,2,2.16,1.81,2.16,62.31,199
5250,10,1,2.4,2.4,2.1,43.98,68
5252,2,14,1.82,1.72,1.72,51.55,999
5257,5,6,1.25,1.2,1.25,3.36,145
5264,11,2,1.86,2.11,2.26,57.23,199
5266,10,3,2.51,1.86,1.65,31.08,55
5279,10,1,1.2,1.55,1.6,3.67,14.99
5291,9,0,1.6,1.4,1.3,4.89,58
5294,5,9,1,1.61,2.01,32.94,225
5300,2,11,2.03,2.01,2.27,56.89,1666
5315,9,0,1.65,1.3,1.4,2.3,60
5331,15,1,2.21,2.01,1.85,55.97,88
5342,5,10,1,1.4,1.3,1.53,70
5345,5,11,2.23,2.22,2.17,53.08,450
5348,8,1,1.3,1.6,1.1,0,50
5350,2,13,1.35,2.47,1.75,45.23,1099
5370,5,7,1.5,2.51,1.51,39.08,188
5376,5,12,1.45,2.01,2.06,51.56,666
5378,10,1,2.12,1.05,1.35,10.18,25
5380,8,5,1.1,1,2.11,6.77,30
5384,5,9,1.05,1.3,1.1,1.7,155
5386,5,9,2.21,2.56,1.5,19.19,258
5395,5,10,2.42,1.42,2.62,89.64,3888
5398,5,4,1.1,1.4,1.1,0,95
5399,5,0,2.25,1.6,1.9,51.09,900
5404,4,12,1.97,1,1.21,59.96,400
5415,10,3,1.5,1.55,1.7,2.31,10
5422,2,12,1.72,1.31,1.72,80.17,2888.89
5425,5,0,2.36,2.36,2.26,78.1,1589
5432,3,0,1.91,1.95,1.91,75.44,2800
5434,9,10,2.47,2.05,2.02,100.37,499
5438,5,10,1.31,1.35,2.32,33.17,220
5441,2,10,1.92,1.92,1.21,51.5,1499
5442,11,6,1.25,1.65,1.85,9.5,25
5445,4,11,2.02,2.02,1.36,60.14,335
5450,5,8,1.9,1.4,2.11,60.45,489.55
5455,5,5,1.4,1.7,1,0,90.5
5467,4,12,2.86,2.01,1.2,36.87,399
5474,5,5,1.3,1.1,1.3,0,90.84
5478,14,0,1.4,1.1,1.9,0,30
5483,5,6,2.17,2.52,1.61,74.44,500
5484,5,10,1.81,1.4,1.55,32.46,218
5494,5,11,2.33,2.32,1.65,61.15,666
5498,5,11,2.42,2.77,1.41,75.69,366
5500,5,6,1.89,1.89,2.14,55.06,358
5507,5,9,2.64,1.43,1.66,46.33,188
5524,10,0,2.81,1,1.76,96.5,588
5528,5,9,1,1.4,2.61,26.87,260
5537,9,8,2.07,1.41,1.81,46.28,158.86
5539,5,9,1.1,1.3,1.2,2.81,70
5548,6,8,2.88,2.25,2.23,87.08,799.66
5563,15,0,1.96,1.2,1.96,43.64,158
5566,5,0,2.08,1.57,2.08,34.88,350
5568,5,3,1.77,2.51,1.77,52.51,488
5570,10,0,1.5,1.4,1,0,38
5574,4,11,1.62,1.67,1.57,26.21,349.99
5575,5,9,1.2,1.8,1.26,6.41,100
5576,5,12,2.72,1.62,1.17,99.21,1555
5593,5,4,2.67,2.67,1.26,51.1,399
5603,5,7,2.02,2.68,2.02,59.79,420
5615,5,11,1.91,1.6,1.36,52.84,148
5620,5,6,1.3,1.6,1.36,2.03,260
5624,5,8,2.36,2.24,1.88,64.06,555
5643,5,4,1.1,1.8,1.5,0,95
5645,5,10,2.13,2.13,1.81,43.11,249
5653,2,14,1.86,1.86,1.67,48.35,1199.99
5657,5,10,1.6,1.94,1.91,29.16,200
5659,5,11,1.86,1.86,2.07,66.08,420
5668,8,8,1.23,1.9,2.06,16.42,66
5684,2,14,2.03,2.45,2.03,68.61,6666
5685,8,5,1.77,2.26,2.03,41.78,99
5691,5,10,2.04,2.03,1.97,55.15,279
5691,5,10,2.04,2.03,1.97,55.15,279
5700,4,11,2.27,1.46,1.5,32.2,365
5714,5,4,1.1,1.1,1.2,0,95.8
5720,5,10,1.81,2.11,1.76,57.63,488
5728,5,11,2.07,2.53,2.47,67.46,700
5730,5,1,2.2,1.57,1.17,44.83,249
5735,5,10,1.06,1.66,1.4,5.75,70
5738,5,8,1.97,1.17,1.97,36.16,260
5741,15,0,1.6,1.1,1.4,4.12,10
5763,10,1,1.16,1.96,1.92,49.58,80
5775,3,7,3,1.77,1.97,77.36,1999
5792,5,9,1.3,1.86,1.22,49.95,299
5793,5,7,1.8,1.86,1,41.5,99
5797,5,8,1.56,2.02,1.57,45.17,258
5798,5,10,1.77,1.92,1.86,34.89,240
5817,5,10,2.22,1.26,1.56,52.2,288
5822,10,0,1.3,1,1.7,3.36,10
5827,2,11,1.76,1.76,1.5,67.92,1299.99
5837,10,1,1.4,1.52,2.42,49.94,199.9
5845,5,1,2.23,2.23,2.69,73.74,1800
5846,5,11,1.82,1.86,1.58,46.91,220
5848,9,6,1.68,2.39,1.6,34.2,100
5853,10,0,1.26,1.92,1.8,12.65,30
5855,4,2,1.82,1.79,2.45,67.38,799
5860,5,11,1.42,2.91,2.38,43.45,488
5868,10,0,1.46,2.02,2.02,15.73,38
5871,5,11,1.99,1.56,2.01,53.89,885
5877,5,9,1.4,2.24,2.12,41.99,667
5880,39,1,1.9,1.7,1.2,0,20
5882,16,0,1.6,1.7,1.1,0,5
5891,5,1,1.2,1.1,1.1,0,145
5904,5,0,2.44,1.4,1.4,61.01,500
5905,5,11,1.46,1.82,1.82,38.42,266
5909,2,13,1.12,1.12,2.14,35.75,1588
5921,5,11,1.46,2.32,1.46,21.85,198
5923,5,9,1.78,1.76,2.34,78.52,499.99
5925,5,7,1.78,1.22,1.78,25.21,123
5926,5,2,1.7,2.36,2.06,54.65,368
5927,5,10,1.86,1.9,1.32,44.8,99.21
5932,5,11,1.94,1.68,2.96,47.39,666
5933,5,11,2.64,1.9,1.46,57.2,257.77
5937,5,4,1.3,1.4,1.1,0,95.11
5944,5,5,1.2,1.1,1.2,0,90.28
5957,5,9,1.1,1.78,1.42,22.14,188
5958,5,12,1.52,1.96,1.5,40.46,150
5960,5,9,2.16,2.16,2.16,65.58,1200
5968,5,10,2.3,2.36,2.3,32.57,599.78
5977,5,8,1.46,1.68,1.1,19.55,199
5979,5,10,1.26,2.22,2.08,35.46,200
5985,5,4,1.24,2.26,1.64,24.76,79.99
5986,5,9,1.26,2.34,1.96,28.88,255
5992,5,7,2.12,2.14,2.12,49.48,437.09
5997,5,11,2.74,1.46,1.46,80.45,579.66
5999,5,4,1.3,1.5,1.3,0,95.16
6003,5,8,2.34,1.52,2.24,41.51,1100
6010,5,9,1.62,2.64,2.64,48.48,388
6012,5,6,2.24,1.58,2.24,35.53,688
7746,9,4,1.4,1.3,1,0,6.9
6027,10,2,1.96,2.16,1.2,18.46,23.66
7944,9,3,1,1.7,1.1,4.79,9
6032,5,8,1.26,1.5,1.3,2.21,135
6033,5,8,2.06,1.82,1.44,66.25,500
6049,10,0,1.32,1.76,1.76,22.3,40
6060,5,6,2.18,2.22,1.4,49.99,500
6068,5,11,3.12,1.64,1.72,93.75,999
6069,5,3,2.08,1.62,2.08,65.11,699.58
6087,5,12,2.57,2.59,1.84,94.36,688
6095,10,0,2.02,2.02,1.87,80.71,280
6097,5,11,1.92,1.9,1.26,20.41,120
6106,5,9,1.2,2.38,1.3,31.86,188.88
6108,10,0,1.96,1,2.82,59,288
6110,9,0,1.66,1.66,1.92,18.75,60
6118,4,12,2.72,2.06,1.7,66.51,999
6124,5,6,1.6,2.34,2.34,29.72,499.99
6140,4,10,1.62,1.8,1.68,55.94,399
6141,2,13,1.83,1.83,1.83,53.07,4888.69
6142,5,0,1.96,1.7,2.06,61.76,900
6154,5,0,1.5,2.36,2.52,24.69,499
6164,5,11,1.36,1.6,2.06,54.48,299
6166,21,1,1,1.5,1.3,2.62,366
6172,5,3,2.21,2.25,2.35,64.99,600
6176,14,4,1.62,1.66,2.52,27.19,5
6179,6,10,1.46,1.52,2.29,45.71,168
6190,9,0,1.5,1,1.3,5.79,29.89
6192,9,0,1.6,1.5,2.26,14.78,128
6198,7,8,1.06,2.06,1.06,12.96,55
6208,2,13,1.66,1.26,2.29,54.1,999
6213,5,7,1.92,1.66,2.35,64.22,388
6249,10,1,1.29,1.66,2.55,31.44,66.66
6268,10,0,1.56,1.2,1.1,3.41,20
6283,5,10,1.4,1.93,1.4,33.48,166
6291,9,7,1.4,1.2,1,0,19.89
6295,9,1,1.83,1.86,1.93,57.87,118
6297,2,12,1.43,2.45,2.59,54.31,1588
6313,5,9,2.19,1.73,1.73,70.35,555.55
6325,3,12,1.86,1.86,2.33,67.99,1499
6342,10,0,1.55,1.63,2.09,24.97,25
6360,8,0,1,1.6,1.8,3.64,80
6371,5,6,2.23,2.63,2.63,84.19,766
6375,19,0,1.1,1.2,1.1,0,2.8
6381,5,10,1.6,1.06,1.4,3.64,150
6391,5,2,1.4,1.1,1,0,151
6400,5,7,1.43,1.66,1.83,25.68,220
6408,10,2,2.19,1.1,2.26,57.27,166.99
6411,4,13,2.22,1.06,1.88,92.75,1688
6422,14,5,1.9,2.59,1.5,41.52,99
6425,9,1,1.3,1.6,1.7,2.14,36
6433,5,7,1.83,1.56,1.56,13.31,119.99
6436,4,11,1.83,1.79,1.82,75.36,1199
6442,10,2,1.8,1.46,1.5,9.4,28
6452,3,9,1.83,2.43,1.83,58.91,1650
6468,5,1,2.49,1.4,2.79,77.02,1000
6472,14,3,1.5,2.36,2.53,48.8,100
6473,15,1,1.1,1.8,1.6,8.02,8
6476,5,1,1.2,1.7,1.3,4.38,150
6483,4,11,2.39,1.7,1.56,66.69,588
6487,13,2,1.5,1.1,1.1,0,8.88
6491,12,1,1.76,1.76,2.03,25.43,18
6497,5,0,1.9,1.7,1.16,25.64,138
6516,8,9,2.2,2.2,2,87.06,999
6521,8,6,1.1,1.5,1.5,0,42
6530,4,8,2.13,1.83,2.13,97.97,1288
6532,4,11,1.9,2.13,1.07,35.29,220
6534,5,7,2.43,1.83,1.5,70.23,339
6536,2,13,1.57,1.63,1.63,59.53,1488.88
6558,9,1,1.7,1.9,1.3,28.73,30
6564,9,0,2.6,1.63,1.77,59.51,250
6575,9,0,1.33,1.33,1.9,20.96,366
6576,5,4,1.96,1.93,2.39,53.75,500
6595,5,6,2.26,1.27,1.83,61.8,333
6598,18,5,3.03,1.9,1.87,84.98,70
6602,13,1,1.83,1.2,1.8,18.38,55
6604,7,1,1.73,1,1.77,68.79,1888
6620,5,12,1.56,1.2,1.56,36.01,188.88
6653,9,0,2,2.03,1.97,49.21,150
6655,5,10,1.8,1.7,1.27,60.88,300
6661,5,11,2.63,1.77,2.63,65.55,1358
6668,4,12,2.1,2.13,2.1,62.65,1666
6672,2,13,2.1,2.1,2.13,46,1688
6677,9,8,1.9,1.77,2.07,70.97,288.88
6681,10,3,1.97,1.97,2.4,50.3,100
6692,5,2,1.3,1.67,1.1,20.38,170
6700,7,0,1.3,1.7,1,0,84
6705,9,1,1,1.7,1.3,2.67,18
6707,5,6,2.07,1.97,1.5,38.54,200
6728,5,8,1.63,2.27,1.63,45.23,240
8951,9,0,1.6,1,1.2,0,9.99
6731,20,2,1.6,1.77,1.5,6.43,7
6739,5,4,1.6,1,1.4,0,95.48
6742,5,8,1.67,2.33,1.67,31.8,180
6755,4,9,1.74,1.97,1.97,77.9,899.99
6764,2,13,1.3,1.3,2.07,42.56,1399
6768,9,0,1.74,1.54,1.2,29.25,188
6779,10,1,1.67,1.47,1.6,11.23,60
6780,10,4,2.77,2.77,1.77,61.22,299
6788,4,10,1.54,1.5,2.5,43.05,398
6793,5,11,1.91,2.17,1.47,51.63,333
6802,4,12,1.3,1.6,2.14,30.89,288
6810,5,6,1.67,2.27,1.14,37.68,155
6811,5,3,2.07,1.94,1.37,96.13,1688
6818,10,2,2.07,1.8,2.4,53.1,108
6824,5,10,2,2.04,1.77,75.36,399.99
6826,5,9,1.54,1.64,1.8,34.44,139.9
6829,6,8,1.1,1,1,0,57.5
6833,5,10,1.64,1.7,1.64,40.85,199.99
6843,4,11,1.47,1.57,2.64,36.77,450
6859,5,9,1.6,1.94,1.97,44.98,222
6862,12,0,2.44,1.44,2.44,72.44,100
6866,10,2,1.97,1.84,1.87,44.46,88
6871,8,2,1.57,1.5,1.57,6.99,90
6878,5,4,1.67,1.47,1.17,40.36,287.8
6880,5,9,2.41,2.81,1.57,67.13,549
6895,5,5,1.88,1.88,2.08,60.73,300
6897,9,0,1.5,1.7,1.2,0,18
6902,7,9,2.17,2.58,1.5,56,350
6910,5,7,1.4,1.67,1.67,18.84,169
6920,9,3,1,1.2,1.2,2.69,24
6924,2,14,1.91,1.91,1.78,54.23,1288
6931,4,12,1,1.74,1.77,38.7,220
6935,8,7,1.62,2.15,1.62,59.58,128
6959,9,1,1.7,2.07,1.67,41.91,60
6971,5,12,1.6,1.74,2.61,36.75,189
6982,5,6,1.65,1.47,1.44,42.92,199
6986,10,1,2.62,2.62,2.62,69.27,999
6994,5,11,2.54,1.91,2.51,83.25,749.66
7007,5,6,2.15,1.47,2.15,64.91,599.99
7017,8,4,2.11,1.44,2.28,59.62,250
7019,19,0,1.1,2.07,1.4,5.94,30
7036,5,0,1.17,1.67,1.87,17.26,600
7050,7,3,1.2,1.3,1.1,0,150
7062,8,3,1.85,2.06,2.22,48.4,166.66
7083,5,7,1.81,1.77,1.77,40.62,280
7100,5,11,1.47,2.27,1.17,15.17,135
7103,5,9,2.33,1.28,2.28,68.25,498
7104,5,1,1.1,1.3,1,0,150
7107,5,4,2.04,2.07,2.41,44.72,666
7115,10,1,2.24,1.94,1.97,49.24,135
7141,7,9,2.11,1.81,2.11,64.57,358.88
7142,6,0,1.9,1.7,1.3,1.36,338
7150,5,6,1.7,2.44,1.4,40.08,280
7157,5,10,1.99,1.99,1.37,43.12,450
7158,5,10,1.5,2.09,1.14,51.25,218
7167,5,5,2.04,1.37,2.04,83,599
7170,4,8,2.36,1.76,2.33,49.86,888
7176,5,11,1.84,2.17,1.2,41,149
7177,5,11,2.14,2.14,2.37,51.13,688.99
7190,5,9,1.57,1.54,3.58,57.14,1299
7191,5,6,2.17,1.57,2.27,36.54,399
7194,5,9,1.2,2.27,1.52,36.76,280
7196,5,6,1.44,2.29,1.44,40.22,199
7203,5,9,2.99,2.04,2.64,76.63,888
7204,5,5,1.4,1.2,1.1,0,90
7215,5,0,1.87,1.57,1.57,56.07,428
7217,5,10,2.04,1.64,2.07,39.05,299
7218,5,10,1.37,1.37,2.07,48.98,366.98
7222,5,10,2.82,1.8,2.17,107.12,2699
7224,5,4,1.2,1.1,1.1,0,95.38
7231,5,2,2.27,1.3,1.4,53.24,521
7237,5,9,1.8,1,1,73.23,199.79
7247,5,11,2.14,2.12,1.57,34.69,398.85
7248,5,7,1.14,2.14,1.84,18.22,189
7256,5,10,1.6,1.67,1.85,57.13,239
7258,2,13,1.86,1.86,1.07,71.26,999
7259,10,1,1.77,1.1,1.77,18.9,15
7263,5,11,1.47,1.99,2.39,48.34,488
7265,5,10,1,1.5,1.1,0,70
7280,5,5,3.09,2.59,1.97,73.99,569
7281,5,8,1.97,1.97,1,75.68,218
7289,5,9,1.96,2.52,1.96,67.75,777
7295,2,13,1.62,1.62,2.25,53.83,2900.33
7300,5,9,2.52,2.25,2.22,60.9,1999
7303,5,10,2.35,1.47,1.6,47.02,488
7304,5,11,1.57,2.47,1.72,51.45,488.01
7308,5,5,2.65,1.87,2.37,88.76,1681.07
7315,5,6,1.62,1.62,2.96,46.39,1300
7321,5,9,1.57,2.66,2.15,36.96,999
7322,5,12,3.44,1.67,3.44,63.99,2000
7323,5,5,3.04,2.22,2.02,83.09,666
7326,5,11,2.17,1.95,1.95,70.4,666
7328,4,7,2.32,1.95,2.32,72,1200
7340,5,7,1.97,1.77,1.17,54.87,260
7353,5,9,1.77,2.27,2.27,19.85,249
7355,5,0,1.7,1.57,2.62,32.2,488
7357,5,8,1.3,2.12,1.82,40.88,180
7358,5,5,1.5,1.35,2.55,38.43,304.44
7362,5,7,2.05,1.77,2.05,47.21,299
7363,5,7,2.05,2.05,2.07,70.75,666
7378,5,9,1.72,1.95,2.37,28.68,280
7400,5,10,2.22,1.07,2.22,61.87,666
7401,5,5,1.57,1.82,1.77,51.49,238
7406,5,9,1.4,2.25,2.25,46.09,349
7408,5,2,1.27,1.37,2.15,27.65,299.98
7414,6,1,1.92,2.94,2.94,53.45,666
7429,5,3,1.65,2.35,1.82,35.02,190
7441,5,8,1.37,1.35,1.5,32.71,128
7449,5,6,1,1.2,1.7,0,158.8
7452,30,0,1.5,1.7,1.5,0,200
7454,10,0,1.47,1.2,1.8,30.41,28
7457,5,6,2.12,2.12,1.67,65.2,500
7460,5,9,1.6,1.7,1.4,60.75,155
7461,5,11,2.35,1.95,1.9,92.79,1111
7476,2,13,1.3,1.3,1,71.13,1588
7482,5,11,1.95,1.25,1.9,35.8,308
7492,5,3,1.8,1,1,0,100.28
7494,5,0,1.95,1.32,2.9,55.89,550
7502,5,8,1.58,2.08,1.68,57.89,309
7504,5,10,1.25,2.55,1.2,13.59,77
7506,5,0,2.38,2.43,1.98,38.36,488
7527,3,4,2.23,2.03,1.85,61.25,6666
7528,9,4,1,1.8,1.5,1.75,20.89
7536,2,12,2.05,2.05,2.05,38.1,1500
7538,5,8,2.53,1.75,1.5,47.81,160
7544,5,8,1.25,2.5,1.58,41.96,299
7547,7,6,2.53,1.38,1.75,61.73,189
7556,5,8,1.6,1.48,2.18,56.07,238
7559,10,2,1.6,1.8,1.2,0,10.88
7562,2,13,1.43,1.43,2.15,41.09,1888
7582,5,12,2.2,1.53,1.58,84.39,499.66
7594,5,10,1.43,2.06,1.85,40.78,159
7597,5,1,1.28,1.7,2.05,31.29,169
7600,4,10,1,2.43,1,22.6,200
7612,5,10,1,1.3,1,8.81,90
7619,5,4,1.58,1.58,1.78,43.97,599
7655,2,12,2.43,2.43,2.43,75.51,8888
7679,5,8,1.5,1.95,1.2,16.37,80
7685,5,11,2.25,1.5,1.95,62.45,520
7688,9,7,2.25,1.4,1.6,41.7,20
7696,4,11,1.81,1.88,1.81,42.78,388.88
7710,5,4,1.1,1.4,1,0,95
7723,10,3,1.78,1.2,1.98,45.24,88
7739,5,8,2.09,2.26,2.26,55.53,599
12596,9,0,1.3,1.4,1,2.93,8.89
7747,10,1,1.5,1.5,1.5,56.77,288
7754,5,10,1.4,1.4,1.33,30.91,79.6
7754,5,10,1.4,1.4,1.33,30.91,79.6
7756,5,5,1.4,1.4,1.2,0,90.88
7760,10,1,1.4,1.4,1.6,2.49,100
7762,10,0,1.9,1.8,1.1,0,14.99
7773,5,10,1.78,1.8,1,54.19,149.66
7781,18,2,1.68,1.68,1.68,13.9,28
7790,10,0,1.6,1.58,1.8,13.88,36
7797,5,10,1.4,1.86,2.13,30.37,240
12758,9,3,1.2,1,1.1,0,8
7809,5,10,2.38,2.11,1.6,62.8,450
7819,12,2,1.4,1,1.1,6.69,6
7820,5,6,2.03,2.03,2.06,41.41,1288
7824,4,7,1.58,1.58,1.5,50.28,888
7825,2,13,1.1,1.48,1.6,33.91,3111.31
7833,4,12,2.46,1.4,1.96,67.69,799.77
7845,4,10,1.98,2.28,2.08,54.96,500
7868,5,11,1.4,1.98,1.18,56.32,135
14401,9,1,1,1.7,1.5,0,7.89
7875,5,10,2.18,1,1,93.85,498
7877,9,1,1.3,2.08,1.8,3.62,30
7881,9,0,1.6,1.7,1.2,0,38
7886,10,0,1,1.4,1.2,0,10
7890,8,3,1.7,1.1,1.2,4.74,25
7907,4,9,1.3,1.1,1.5,15.81,200
7916,2,12,1.88,2.86,1.88,53.63,1499
7923,10,0,1,1.2,1.3,0,20
15016,9,0,1.3,1.7,1.4,0,8.88
15671,9,0,1.4,1.2,1.7,0,6.87
7947,5,9,2.06,1.4,2.06,41.24,555.55
7965,5,8,1.34,1.38,2.3,27.97,218
7972,5,9,2.48,2.08,1.88,88.6,555
7980,3,13,1.88,2.04,2.36,41.88,987
7985,4,10,2.08,1.4,1.3,30.77,399
7993,5,11,1.18,1.88,2.16,43.91,155
7995,10,0,1.1,1.6,1.2,0.88,30
7996,4,4,2.74,2.16,2.16,89.58,1488
8002,5,11,1.24,1.94,1.94,28.49,199
8009,5,9,2.26,2.42,2.12,53.57,555
8013,4,12,1.1,1,1.2,5.28,137.96
8014,5,5,1.9,1.28,1.9,38.04,499
8028,10,3,1.2,1.2,1.56,29.78,25
8055,12,2,1.8,1.7,1,0,10
8069,9,0,1.48,1.48,1.5,6.51,158
8071,7,9,2.64,1.78,1.64,98.32,499
8074,4,7,1.78,1.44,1.44,51.7,566
8081,15,0,1,1.2,1.1,0,5
8083,5,10,3.07,3,3,92.98,2889
8091,10,7,2.04,1.58,1.2,15.79,10
8136,5,11,1.71,2.16,1.69,25.85,188
8149,5,11,1.76,2.16,1.58,30,188.88
8189,8,1,1.48,1.48,1,4.73,38
8191,2,13,2.47,1.25,2.23,75.21,3288
8196,10,0,1,1.7,1.8,2.82,12
8201,11,0,1.58,1.9,1.8,2.55,13.9
8220,4,12,1.08,1.98,1.66,13.31,148
8224,31,2,1.8,1.7,1.3,0,50
8238,5,10,1.45,2.15,1.43,47.14,288
8247,17,3,2.95,1.96,1.8,109.94,2018.18
8249,5,11,2.45,2.15,1.91,57.99,469.66
8257,4,9,2.43,2.43,2.43,36.94,1500
8258,5,10,1,1.1,1.2,0,200
8261,4,7,1.1,1.4,1.3,0,218
8269,5,9,1.67,1.95,1.25,40.28,198
8277,8,6,2.53,1.53,1.48,31.46,80
8278,10,2,1.18,1.18,1.9,17.33,50
8289,5,11,2.11,1.18,2.11,45.31,550
8307,10,3,1.58,1.4,1.5,5.31,68
8311,6,4,1.7,1.9,2.28,73.92,700
8325,10,0,1.5,1.4,1.7,0,50
8339,2,13,1.47,2.45,1.47,42.29,1444
8340,17,0,1.5,1.78,1.68,15.75,25
8347,5,11,1.75,1.68,1.68,40.78,180
8353,3,12,1.6,1.1,2.65,33.09,810.2
8385,5,8,2.08,1,1.68,65.9,500
8386,10,2,1.5,1.3,1.4,0,10
8392,7,1,1.2,1.7,1.3,0,68
8395,8,1,1.8,1.7,1.8,0,889
8406,7,4,2.17,1.7,1.9,46.57,169.96
8416,10,4,1.87,2.38,1.8,38.91,58
8421,9,0,2.38,2.47,2.47,69.09,288
8425,5,10,2.15,1.88,2.08,55.22,499.99
8427,9,0,2.28,1.1,2.28,55.31,259
8429,13,5,1.2,1.7,1.48,1.01,2
8432,4,10,1.4,1,1.4,34.07,330
8434,10,1,1.58,1.7,1.9,28.35,20
8435,4,12,1.8,1.98,1.98,78.46,1688
8442,2,11,1.57,1.88,1.57,37.98,1388
8443,5,6,1.44,1.34,1.45,26.66,89
8444,5,9,1.88,1.57,2.07,60.16,549
8445,8,3,1.58,1.6,1.3,9.67,12.55
8462,1,14,2.28,1.68,1.5,66.46,7100
8465,22,2,1.08,1.4,1.3,2.85,5
8466,10,2,1.7,1.1,1.2,0,66
8474,5,9,1,1,1.4,25.08,79
8478,19,4,1.6,1.4,1.8,18.47,5
8480,8,2,1.3,1.5,2.38,18.91,75.55
8487,8,6,1.4,1,1.2,0,18.65
8495,5,10,1.47,1.47,2.47,35.51,199
8498,5,3,1,1.5,1.38,3.7,140
8499,22,0,1.98,1.88,1.97,29.31,28.88
8511,7,3,1.94,1.99,1.96,23.33,128
8550,6,7,1.67,2.07,2.03,16.67,135.21
8561,5,5,2.07,1.47,2.07,62.39,688
8562,6,1,1.17,1.9,1.19,11.85,135
8565,10,2,1.4,1.5,1.7,9.4,20
8577,6,0,1.19,1.19,1.59,23.21,160
8578,2,13,1,2.39,1.79,24.29,1888.88
8583,10,1,1.76,1.2,1.2,24.53,89
8586,5,12,2.17,1.9,2.17,51.51,299
8595,5,11,1.99,1.49,3.06,48.46,666.65
8596,5,5,1.47,1.47,1,27.08,140
8600,4,10,1.89,1.79,1.09,93.94,1666.27
8601,10,1,1.6,1.4,1.9,0,50
8604,2,13,1.46,1.46,2.14,43.88,1350
8616,9,0,1.1,1.8,1.5,0,29
8617,2,13,1.67,2.57,1.67,44.49,868.72
8619,5,9,2.06,1.69,2.07,48.56,288.88
8631,5,1,2.09,2.17,2.17,59.05,980
8638,5,10,1.69,1.69,2.39,60.32,397
8642,10,1,1.7,2.26,1.7,42.67,38
8643,18,1,1.1,1.2,1.1,3.15,10
8648,5,4,1.96,1.97,1.69,46.63,500
8653,5,5,1.1,3.15,1.09,28.37,230
8657,5,10,1.97,2.95,1.97,79.36,788
8691,10,2,1.5,1.19,1.5,4.11,11
8692,22,0,1.2,1.7,1.5,0,50
8695,6,10,1.89,1.1,1.69,38.56,150
8701,20,0,1.4,1.1,1,0,10
8712,4,12,1.79,1.57,1.57,48.31,399
8713,11,3,1.7,1.39,1.99,58.57,300
8737,4,12,1.89,2.37,1.89,55.09,800
8742,5,3,1.35,1.69,1.69,34.11,499
8747,5,9,2.09,2.19,2.19,89.21,1599
8748,5,10,2.46,1.1,1.5,71.57,488
8750,5,2,1.95,1.49,1.57,44.66,320
8758,20,0,1.5,1.59,1.5,11.44,8
8775,5,8,1.2,1.99,1.99,15.16,158
8776,26,0,1.8,1.3,2.19,5.18,25
8795,10,0,1,1.7,1.9,8.64,25
8798,9,0,1.3,1.29,1.69,13.72,42
8802,5,11,1,2.66,1.9,43.92,198
8803,5,6,1.86,1.88,1.1,39.9,250
8807,4,10,1.4,1.89,3.05,39.43,499
8814,5,0,1.38,2.09,1.89,19.02,500
8817,39,1,1.1,1.3,1.5,0,20
8823,5,2,2.68,1.88,2.74,83.88,1209
8825,8,2,1,1.5,1.2,0,58.88
8828,5,10,1.5,2.66,2.58,34.77,666
8834,8,0,1.85,1.85,1.85,62.9,288
8837,2,12,2.15,1.1,1,77.9,1111
8843,8,1,1.4,1.79,1,4.04,48
8847,9,0,1.1,1.4,1.6,0,19
8856,4,12,1.48,1.48,1.4,36.63,400
8860,17,1,1.69,1.3,1.69,10.88,366
8863,5,10,1.4,1.2,1.4,0,199.99
8864,5,1,2.19,1,1,16.42,98.88
8887,2,13,1.59,2.09,2.29,32.27,1088
8892,2,13,1.57,1.78,2.43,35,899.44
8900,5,2,1.9,1.4,1.59,55.75,368
8905,2,13,1.66,1.88,1.29,32.54,1280
8914,5,11,1.8,2.28,1.1,26.41,88
8915,2,13,2.07,2.07,1.79,65.58,1555
8924,12,1,1.4,1.89,1.9,1.25,28.8
8925,5,0,1.9,1.89,1.6,82.23,888
8936,3,1,1.98,2.88,1.89,93.4,3350
8942,4,11,2.16,1.39,1.39,53.85,300
16947,9,0,1.2,1.6,1.2,0,9
8960,4,11,1.6,2.17,1.59,43.64,288
8960,4,11,1.6,2.17,1.59,43.64,288
8966,20,0,1.2,1.2,1.9,1.08,18.88
8967,9,6,1.57,1.79,1.99,45.36,100
8971,8,9,2.57,2.19,2.17,65.02,349.66
8972,9,1,1.4,1.9,1,0,20
8978,15,0,1.1,1.4,1.1,0,5
8979,5,1,1.2,1,1.1,0,150
8982,9,4,2.19,1.79,2.28,25.99,108
8986,5,10,2.27,1.28,1.48,37.81,288
8987,5,7,2.08,1.6,1.79,46.4,488
8988,3,0,2.28,1.2,2.28,65.49,2880
9005,10,1,2.09,2.09,2.88,75.37,139.98
9009,7,5,1.19,1.99,1.89,23.92,99
9047,8,0,1.8,1.9,1.3,0,88
9065,5,7,1.96,1.59,1.96,60.75,500
9067,5,11,2.09,1.69,2.08,78.53,599.66
9073,5,0,1.68,1.69,1.3,21.85,319
9088,5,9,1.2,1.3,1.3,5.89,160
9095,5,7,1.79,2.58,1.77,50.75,1111
9120,3,11,1.56,1.78,1.28,40.59,499
9123,5,3,1.89,1.78,1.1,72.92,199
9136,5,11,1.77,2.27,1.79,27.72,155
9138,5,8,1.1,1.98,1.29,30.29,99
9151,20,1,1.89,2.68,1.7,43.18,80
9159,10,0,1.8,1.8,1.1,0,15
9161,1,13,1.39,1.7,1.39,36.35,5599
9162,9,0,2.48,1.49,1.99,39.44,199
9169,2,12,1.79,1.69,2.09,52.04,1198.8
9177,5,9,1.79,1.89,1.79,50.69,999
9181,18,0,1.3,1.1,1.3,6.39,3.86
9193,5,9,2.38,1.59,1.2,51.16,199.66
9207,2,13,2.38,2.78,1.69,51.11,3888
9210,4,10,1.58,1.79,1.69,43.36,400
9211,6,6,2.09,2.19,1.59,67.62,150
9217,5,3,1.58,1.2,2.18,46.62,688
9220,3,12,1.49,2.68,1.49,42.3,950
9240,25,0,2.09,1.5,2.09,7.49,88
9241,3,10,1.58,1.97,1.58,28.54,1578.95
9247,5,6,2.48,1.48,2.48,63.53,888
9257,5,10,2.09,2.09,1.3,52.19,188
9259,10,2,1.7,1.4,1.2,0,10
9273,8,1,1,1.5,1.2,0,25
9281,5,10,1.6,1.59,1.1,47.08,99.99
9302,5,11,1.89,1.69,1.89,57.26,250
9323,5,12,2.08,2.09,2.29,57.5,508
9326,5,8,1.89,2.19,1.69,79.21,1999
9327,5,4,3.07,2.07,2.09,64.91,1088
9347,8,2,1,1.8,1,0,22
9359,5,11,1.39,2.07,2.67,32.41,211
9392,5,12,1.99,1.99,1.29,68.12,172
9404,2,12,1.79,1.79,1.79,31.01,1888
9405,10,0,1.29,1.99,2.39,43.81,233.32
9407,10,0,1.89,2.18,2.18,51.75,99
9412,5,12,2.19,2.09,2.38,57.15,1200
9424,5,9,1.99,2.19,1.1,28.83,248
9433,16,2,1.2,1.3,1.4,0,3.63
9435,8,0,2.08,1.69,1.2,14.92,20.18
9437,4,11,2.18,2.18,1.48,60,999
9442,5,11,1.99,2.09,1.3,62.26,455.55
9451,5,11,1.99,1.59,1.29,64.99,380
9456,5,11,1.8,2.89,1.5,44.12,198.8
9462,5,12,2.18,2.18,1.59,42.77,166
9468,5,5,1.2,1.1,1,11.87,89.9
9475,18,2,1.5,1.1,1.4,0,18
9483,5,3,1.49,1.79,1.7,56.78,325
9490,5,11,1.7,2.09,1.69,72.15,500
9497,4,9,1.88,1.88,1.88,71.91,1818.18
9500,4,9,2.09,1.99,2.19,56.66,988
9516,7,0,1.6,1.99,1.8,24.49,100
9523,4,4,1.3,1.7,1.1,51.5,488
9525,5,10,2.49,2.19,2.49,67.15,888
9532,5,9,1.2,1.4,2.4,38.98,320
9544,5,8,2.28,1.8,1.89,49.98,228
9545,5,5,3.19,1.3,1.5,115.08,1666
9552,10,9,1.9,1.7,1.5,5.61,10
9559,4,8,2,1.99,2.4,35.39,598
9578,10,0,1.3,1.6,1.9,3.79,29.32
9581,8,1,1.2,1.4,1.1,0,40
9604,32,2,1.2,2.4,1.7,0,50
9608,7,9,2.39,1.89,2.29,63.71,499
9622,5,10,1.7,1.7,1.5,11.64,168
9635,5,0,2.58,2,2.58,36.12,888
9636,5,7,2,1.79,1.99,59.29,299
9640,5,12,2.39,2.39,2.1,60.89,488
9646,2,14,2.28,1.6,2.28,85.1,2999.99
9657,5,4,2.09,1.5,2.59,52.22,399.98
9659,5,1,1.6,2.69,1.8,51.7,798
9660,5,9,2.3,1.6,1,52.09,159
9661,5,11,1.8,1.6,1.8,46.27,288
9672,14,2,2.08,1.99,2.09,45.86,60
9678,10,0,2.3,1.6,1.1,0,68
9681,5,4,1.1,1.6,1.2,0,151
9683,5,1,2.39,1.79,1.79,62.68,359.9
9687,5,1,1.79,1.79,1.8,9.04,400
9688,5,8,2,1.8,1.6,75.23,498.99
9689,5,8,1.5,1.29,1.3,28.08,150
9692,10,0,1,1.1,1.5,0,88
9699,5,12,1.8,2.2,1.8,56.63,298
9708,4,7,1.6,1.5,1.59,67.95,500
9722,5,0,2.3,1.4,1.5,41.15,260
9724,5,11,1.7,2.19,1.19,33.97,110
9735,5,9,2.69,1.7,1.7,77.34,755
9762,5,8,2.09,1.5,2.49,43.53,1999
9766,5,10,1.6,1.2,2.99,36.46,488
9767,4,11,1.1,1.2,1.1,7.62,154.9
9772,4,0,1.5,1.4,2.6,37.33,1588
9780,5,1,2.29,2.29,2.29,56.63,700
9781,5,10,2.4,2.4,1.6,57.44,330
9797,5,5,1,1,2.99,36.82,399.9
9799,5,9,1.9,1.3,2,50.96,230
9817,5,1,1.3,1.1,1.2,6.48,200
9825,5,11,1.1,2,1.9,33.57,239
9849,10,3,1.4,1.3,1.9,1.38,15
9850,9,0,1.1,1.1,2.09,16.35,109.85
9854,5,2,1.3,1.7,1.2,21.71,99
9862,2,13,1.9,1.8,1.9,54.34,1788.88
9863,5,10,1.5,1.7,1.9,50.79,235
9866,4,9,1.2,2.3,1.9,34.86,300
9870,15,0,1.6,1.6,1.8,55.85,200
9876,5,6,1.1,1.8,1.6,5.47,78
9889,5,8,2.6,1.9,1.4,67.9,333
9890,1,14,2.59,1.7,2.29,94.89,11111
9894,5,10,1.2,1.7,1.6,37.07,200
9897,5,1,1.6,1.2,1.4,7.98,210
9905,22,1,2.2,1.2,1.5,5.68,5.35
9906,9,1,1.3,2.4,2.4,46.63,58
9910,5,9,2.2,2.6,2.2,70.95,1000
9917,5,1,1.4,1.6,1.2,1.39,130
9926,7,2,2.4,2.5,2.5,41.3,999
9927,11,0,1.7,1.8,1.9,8.49,20
9946,5,10,1.2,1.1,1.1,3.58,70
9953,5,1,1.4,2,1.4,35.97,219
9956,5,3,1.2,1.5,1.5,25.16,200
9958,5,2,2.4,2.4,2.4,66.4,1299.81
9971,2,13,2,1.5,1.5,64.37,1999
9974,15,0,1.7,1.2,1.8,56.05,50
10023,2,13,1.79,1.79,1.68,44.13,1999
10031,5,11,1.8,2.53,1.41,55.63,200
10034,5,8,1.22,2.02,1.22,37.81,299
10043,8,1,2.67,1.12,1.94,70.12,999
10044,2,12,2.72,2.72,1.62,84.46,3888
10045,2,13,2.23,2.23,1.21,67.14,1500
10058,4,8,1.01,1.61,1.1,27.94,200
10072,8,2,1.63,1.8,1.31,12.3,39
10073,4,10,1.58,1.55,2.25,45.48,599
10076,2,13,2.38,2.38,1.92,64.3,1999
10077,5,11,2.37,1.65,2.15,39.54,400
10078,2,11,1.47,1.47,1.64,28.11,4000
10079,5,10,2.02,1.97,1.44,32.6,220
10084,4,8,1.2,1.3,1.3,0.24,77.8
10119,5,2,2.23,1.61,1.32,68.62,588
10121,5,5,1.93,1.96,1.64,56.19,689
10131,3,4,2.86,2.22,1.57,84.08,3999
10143,5,1,1.8,2.93,1.41,59.24,888
10149,5,0,1.25,1.25,2.04,19.27,250
10161,5,9,1.04,1.55,2.03,33.8,200
10167,5,9,1.35,2.37,1.98,44.42,280
10175,13,2,1.91,1.1,1.91,9.55,35
10178,2,14,1.87,1.38,2.59,52.89,1500
10179,5,10,1.1,1.1,1,1.21,60
10194,5,11,1.78,1.54,2.47,44.56,699
10201,4,11,1.66,2.03,1.11,48.01,266.88
10207,2,14,1.95,1.95,2.53,49.48,2222.2
10211,10,0,1.1,1.5,1,0,10
10217,5,2,1.61,1.2,1.51,14.26,688
10224,2,12,1.62,1.62,1.62,38.27,2200
10229,5,5,2.57,1.93,1.85,68.74,549.66
10236,9,0,2.49,1.47,2.04,82.69,429
10239,5,10,1.57,1.73,1.57,42.73,240
10262,13,1,1.3,1.5,1.8,4.3,2.66
10268,16,0,2.22,1.41,1.6,37.38,48.88
10271,5,10,2.08,1.75,1.76,67.19,588
10273,5,0,1.11,1.91,1.4,22.73,129
10275,12,0,1.2,1.4,1.5,0,8
10286,5,11,2.08,2.04,2.04,70.34,888
10316,5,5,1.68,1.57,1.98,59.57,300
10318,5,9,1.1,1.8,1.1,0,70
10319,2,13,1.65,1.65,2.14,40.6,1800
10333,16,2,1.6,1.71,1.51,9.16,3
10341,5,11,1.45,2.36,2.36,46.55,411
10344,13,1,1.1,1,1.5,6.94,3.5
10348,27,1,1.3,1.31,1.9,4.03,50
10349,6,0,1.86,2.17,1.9,56.54,360
10353,5,8,1.1,1.7,1.41,0,79
10357,5,7,2.05,1.98,2.36,56.85,599.99
10361,10,0,2.02,1.6,1.5,8.04,32.23
10366,3,12,1.74,1.44,1.16,45.66,950
10367,3,8,1.12,1.83,1.31,21.57,499
10375,5,6,1.84,1.82,1.86,70.09,349
10381,12,4,1.33,1.7,1.7,10.38,10
10385,5,9,1.81,1.51,1.61,40.1,188
10390,15,0,1.1,1.6,1.5,0,5
10408,5,0,2.09,1.64,2.04,48.86,340
10412,10,0,1.8,1.61,1.11,11.74,59.99
10416,10,2,2.05,1.85,2.04,59.17,118.88
10419,5,5,1.76,1.12,1.02,47.75,99.99
10425,5,11,1.77,2.36,2.36,59.45,688.01
10427,5,9,1.44,1.84,1.86,43.58,326
10437,10,0,1.41,1.41,1.51,10.63,10
10438,5,10,2.05,2.08,2.07,47.78,499.99
10449,10,0,1.6,1.6,1.8,19.1,66
10456,10,1,1.6,1.6,1.7,0,30
10459,5,0,2.52,1.4,1.21,45.89,788
10465,5,6,1.74,2.21,1.33,28.97,299
10473,5,9,1.82,1.55,1.33,38.52,168
10485,10,5,1.81,1.81,1.11,10.7,10
10488,8,1,2.3,2.3,1.97,54.17,500
10499,23,1,1.6,1.2,1.2,3.37,9.9
10503,5,1,1.3,1.71,1.3,29.08,131
10525,9,0,2.33,1.81,2.33,61.2,100
10526,8,2,1.69,1.69,1.69,56.41,688
10527,10,1,1.9,1.4,1.2,0,20
10533,12,2,1.1,1.1,1.8,0,7.9
10535,4,11,1.67,1.94,1.64,40.92,300
10541,11,0,1.62,1.91,1.9,6.83,40
10542,4,10,1.61,1.62,1.63,48.54,250
10551,5,3,2.68,1.42,1.63,77.79,1250
10552,5,11,1.97,1.64,1.65,47.53,388
10562,4,0,1.35,2.08,2.07,37.21,688.83
10567,5,11,1.2,1.6,1.1,0.25,70
17182,9,8,1.93,1.62,1.1,8.34,8
10587,5,2,1.87,1.87,1.87,60.15,888
10595,2,4,1.63,2.25,2.25,37.61,1888
10606,6,7,1.1,1.92,1.81,23.28,78
10616,14,0,1.3,1.4,1.3,0,8
10624,5,6,1.25,1.84,1.84,15.64,99
10627,5,8,1.32,1.32,1.92,54.15,188
10633,7,4,2.01,2.21,3.13,72.62,550
10637,5,0,1.6,1.3,1.3,41.19,488
10641,5,4,2.33,1.5,2.02,53.62,888.9
10647,15,2,1,1.41,1.9,1.11,12
10653,4,12,1.79,1.79,1.81,53.84,333
10654,5,10,1.3,1.2,1,0,70
10656,2,11,2.09,2.1,2.45,58.06,2699
10657,8,2,1.4,1.5,1.3,7.3,12.66
10659,10,0,1.8,2.43,2.43,16.97,70
10660,9,0,1.1,1.31,1.5,2.55,20
10676,6,8,1.94,1.95,1.95,52.73,250
10684,24,2,1.4,1.7,1,2.95,1.5
4605,10,0,1.8,1.5,1,1.66,9
10724,4,12,1.56,1.53,1.53,44.61,399
10733,13,0,1.6,1,1.3,1.77,3
10750,6,7,3.02,1.83,1.85,119.69,899.66
10753,6,2,1.4,2.24,1.4,37.86,333
10762,10,1,1.2,1.5,2.11,3.99,50
10764,1,14,2.2,1.65,2.69,82.91,5999
10777,8,2,1.44,1.72,2.46,36.38,155.55
10778,11,1,1.76,1.35,2.56,40.23,43
10779,9,4,2.1,1.3,1.95,80.67,188
10783,12,1,1.7,1.7,1,0.37,7.5
10785,10,1,1.6,1.9,1,6.92,19.99
4699,10,0,1.1,1.1,1.6,0,8.8
10810,4,11,1.75,1.74,1.76,47.14,499
10816,2,14,2.66,2.19,1.7,85.77,2199.48
10817,9,1,1.64,1.65,2.49,42.77,288
10821,5,4,1.34,2.26,1.34,41.16,300
10827,14,0,1.6,1.3,1.21,0.17,5
10856,5,11,1.11,1.51,1.3,6.35,130
10874,5,10,1.03,1.87,1.57,34.24,249
10875,10,0,1,2.21,1.6,0,25
10878,10,2,1.61,1.61,1.61,7.49,48
10894,15,3,1.01,1.8,1.5,4.11,10
10899,17,1,1.7,1.3,1.2,3.59,2
10928,10,2,1.52,1.51,1.72,28.72,40
10942,5,11,1.85,2.05,1.83,78,1000
10946,5,10,1.61,1.62,1.93,26.36,166
10953,5,8,2.03,2.03,1.93,67.66,777
10962,10,1,1.81,1.1,1.7,23.87,45
10964,4,7,1.2,1,1,1.33,115
10967,4,9,1.73,1.94,1.01,59.95,277.77
10973,5,8,2.48,2.49,1.47,68.59,300
10979,5,2,2.47,1.84,2.47,52.1,2300
10999,5,11,2.01,2.01,1.4,47.27,450
10999,5,11,2.01,2.01,1.4,47.27,450
11013,5,9,1.57,3.65,2.7,55.39,599
11021,5,9,2.55,1.87,2.55,95.66,1588
11023,5,9,1.23,1.58,1.53,22.69,210
11027,10,1,1.9,1.7,1.4,0,15.88
11032,5,1,2.09,2.09,2.09,54.87,388
11035,5,11,1.5,1.62,1.01,7.32,75
11041,7,1,1.31,1.32,2.43,33.25,199
11043,8,1,1.62,1.72,1.8,38.13,99.8
11050,2,13,2.17,1.62,1.17,52.5,719
11053,8,3,1,1,1.2,0.22,66
11059,10,2,1.51,1.32,2.12,27.35,66
11064,5,11,1.47,1.47,1.93,40.23,211
11066,5,0,1.6,1.88,1.88,56.17,199
11072,10,0,2.32,2.32,1.31,35.81,66
11084,10,6,1.21,2.03,1.21,7.76,50
11097,9,2,1.73,2.34,2.34,47.77,250
11099,10,0,2.02,1.6,1.6,55.28,30
11107,5,10,1,1.81,1.2,2.33,70
11121,4,11,2.14,1.5,1.52,50.4,399
11124,9,1,1.32,1.63,2.66,42.63,99.99
11125,5,1,2.37,2.38,2.37,54.34,700
11127,5,11,1.5,1,1.1,3.17,110
11138,5,2,1.81,1.97,1.97,54.75,799
11139,5,10,1.07,1.88,2.07,37.31,222
11156,14,0,1.4,1.3,1.3,0,8
11157,4,12,1.41,2.41,1.47,42.55,199
11161,5,10,1.11,2.16,1.87,29.71,129
11167,16,0,1.1,1.81,1.2,1.22,1.89
11168,13,1,1.6,1,1.9,0,88
11169,10,0,1.5,1.4,1.4,0,10
11171,15,2,1.9,1.3,1.7,4.22,25
11188,5,6,2.02,1.71,1.5,52.38,269
11191,10,7,2.02,2.22,1.33,20.89,19
11195,14,4,1.3,1.1,1.2,0,1.4
11198,5,9,1.8,1.51,1.4,59.21,520
11204,15,0,1.2,1,1.4,4.93,4.9
11205,8,0,1.2,1.1,1.3,1.33,39
11208,2,13,1.02,1.02,1.51,9.68,988
11216,2,13,1.5,1.96,2.41,32.94,1300
11217,10,0,1.91,1.41,1.92,12.87,100
11223,5,10,1.96,1.97,1.94,71.75,450
11224,2,13,2.46,1.45,1.45,78.18,1299
11234,30,1,1.2,1.5,1.6,0,99
11250,9,1,2.17,1.93,1.37,40.26,28
11251,5,9,2.29,2.56,2.28,57.09,499
11259,8,2,1.72,1.91,1.72,8.15,101
11262,10,0,1.63,1.41,1.63,16.34,50
11272,4,12,2.35,2.35,1.32,55.88,398
11276,2,13,2.72,2.72,2.49,63.24,2999.99
6026,10,1,1.56,1,1,0.9,8
11283,5,6,1.96,1.96,1.15,28.72,98.88
11287,5,11,1.93,1.57,1.92,55.26,328.8
11289,2,12,1.47,1.55,2.13,32.19,1000
11292,10,2,1.7,1.3,1,0,10
11294,30,2,1.8,1.1,1.7,10.02,9
11299,4,10,1.56,2.35,2.38,33.08,399
11304,5,6,1.11,1.3,1.5,4.23,188
11313,10,2,2.02,2.02,2.03,54.7,80
11316,23,2,1.2,1.41,1.4,1.34,1.5
11319,10,0,1.55,1.83,2.86,47.17,100
11325,2,11,1.73,2.06,1.75,38.69,2999
11327,2,13,1.51,1.52,2.03,49.99,999
11338,10,5,1.6,1.91,1,5.16,10
11349,4,11,1.38,1.38,2.2,33.28,299
11356,10,2,1.98,1.8,1.81,85.76,999.99
11358,5,1,1.48,2.53,1.53,36.69,438
11360,8,4,1.1,1.5,1.6,0,24
11369,5,7,2.17,1.62,2.11,64.57,599.99
11381,6,10,1.96,1.22,1.8,57.9,299
11384,10,1,2.16,2.16,2.09,39.99,52
11406,12,0,1.1,1.5,1.7,2.33,5
11412,9,0,2.57,1.53,1.57,61.86,388
11424,5,8,2.08,1.72,2.07,70.09,488
11431,10,6,1.61,1.02,1.31,0.73,12
11434,5,9,2.19,1.36,1.71,85.27,1096
11453,5,10,2.03,2.06,2.03,83.78,1177.77
11464,5,3,1,1.8,1,0,90
11470,10,0,1.8,1.2,1.1,0,30
11477,5,4,2.38,1.26,1.87,62.82,350
11481,14,0,1.7,1.8,1.9,5.69,14
11484,4,10,1.78,1.46,2.35,66.94,699
11487,5,10,1.79,1.66,1.33,35.93,159
11489,4,4,1.73,1.96,1.25,22.34,400
11494,4,9,1.53,3.03,3.05,61.37,1888
11506,2,13,1.65,2.23,1.62,50.72,999.9
6029,10,1,1.1,1.2,1.1,3.09,8
11512,5,2,3.47,2.47,2.42,105.39,920
11523,3,12,1.4,1.61,1.31,5.01,698
11528,7,9,1.77,2.43,2.43,32.01,125
11544,4,4,2.38,2.38,1.37,72.21,560
11555,5,11,1.63,1.01,2.02,63.69,299
11563,5,6,1.15,1.52,2.16,14.28,138
11568,5,9,1.07,1.65,1.65,37.52,500
11592,7,6,1.3,1.91,1.3,13.6,28
11593,5,9,2.32,2.35,2.12,63.29,999
11594,5,7,1.73,2.25,1.71,41.85,180
11598,9,3,2.12,1.91,2.12,59.59,108.96
11616,5,11,2.11,1.7,1.21,39.09,299
11648,14,3,1.5,2.13,1.5,27.32,38
11652,5,3,1.43,2.05,1.63,24.23,130
11654,14,0,2.16,2.13,2.16,65.41,80
11655,4,11,1.13,1.13,1.13,37.27,350
11670,7,5,1.2,1.8,1,0,85
11673,8,0,1.4,1.4,1,3.13,37
11685,5,0,2.12,1.1,2.04,39.5,555.5
11691,5,10,1.64,2.07,1.65,49.66,188
11692,4,11,2.45,1.51,2.25,64.22,1199
11699,5,0,2.12,2.12,2.12,71.13,1998
11702,3,8,2.37,1.38,1.95,67.04,1585
11714,5,1,2.68,1.67,1.67,56.56,888
11715,4,8,2.07,2.07,1.21,78.81,600
11716,3,11,2.11,2.11,2.11,38.14,1888
11719,13,0,1.9,1.8,1.2,0,20
11726,8,2,1.4,1.2,1.3,1.73,34.49
11727,4,10,1.52,2.17,1.55,32.59,330
11734,2,11,1.11,1.82,1.8,26.38,700
11735,15,0,1.7,1.31,1.2,0.8,10
11736,2,10,2.06,1.67,1.65,42.4,998
11737,5,2,2.02,2.02,2.05,66.46,350
11751,5,3,1.01,2.21,2.21,23.29,288
11752,5,8,1.97,1.59,1.97,70.44,458
11753,5,1,1.88,1.05,1.86,76.68,900
11757,10,1,1.22,1.22,1.56,4.18,16
11769,9,0,2.02,2.02,2.02,36.58,400
11784,14,4,1.3,1.4,2.04,7.11,25
11787,5,10,1.6,1.2,1.4,1.79,166
11788,2,13,2.63,1.34,2.63,54.4,2666
11800,10,4,1.9,1.6,1.6,2.12,10
11805,5,7,1.87,2.56,1.46,50.72,188.88
11807,2,13,1.56,1.57,2.11,62.93,1588
11810,6,7,1.64,2.05,2.06,47.13,199
11819,5,6,2.33,2.33,2.33,58.8,1333
11824,9,0,2.48,1.44,2.27,69.51,333
11840,5,10,1.72,2.34,1.41,34,208.88
11841,5,11,1.92,1.98,1.99,47.84,333
6729,10,3,1,1.2,1.6,0,8.8
11860,8,1,1.72,1.37,1.72,35.43,200
11861,4,12,2.35,1.67,2.41,61.17,688
11864,5,0,2.28,1.57,2.18,49.59,4000
11868,9,2,1.31,1.91,1.81,8.04,20
11873,8,2,1.2,1.4,1.1,0,28.88
11879,8,0,1.7,1.3,1.2,0,32
11885,5,4,1.1,1.1,1.7,20.58,168
11886,5,1,1.4,1,1,5.93,500
11889,9,1,1,1.7,1.5,4.24,18.8
11895,15,2,1.92,1.5,1.51,20.72,10
11899,9,0,1.81,1.81,1.42,26.58,25
11905,8,2,1.1,1.6,1.6,0,15
11907,14,2,1.04,1.6,1.3,0.48,2.99
11921,2,11,1.52,1.5,2.21,39.88,958.58
11926,5,7,1.1,1.1,1.8,2.46,900
11931,10,0,1.1,1.7,1.5,0,15
11932,4,7,1.88,1.64,2.48,50.55,699
11938,5,11,2.9,1.74,2.9,53.8,1500
11944,8,5,1.54,1.41,2.14,20.72,56
11953,10,1,2.09,1.52,2.09,66.04,168.88
11957,5,1,1.1,1.5,1.2,7.13,159
11963,10,4,1.95,1.14,1.92,32.15,30
11972,5,5,1.27,1.82,1.86,23.74,208
11976,5,1,1.5,1.3,1.5,14.04,188
11988,2,12,1.58,1.58,1.55,48.11,1098
11989,5,10,1.24,2.23,1.62,15.63,99
11990,5,0,2.08,2.05,1.54,20.24,188
11998,9,8,1.84,1.86,2.87,29.41,222
12003,8,2,1.92,1.27,1.92,62.64,288
12006,2,13,2.16,1.87,2.08,55.33,1980
12010,5,3,2.12,2.12,2.12,60.11,788
12014,10,1,1.5,1.7,1.8,6.54,68.8
12016,3,7,1.81,1.81,1.72,38.6,1200
12018,13,0,1.7,1.8,1.8,19.93,26
12020,5,7,1.72,1.8,1.71,32.88,223
12023,7,0,1.41,1.1,1.2,4.37,158
12031,5,12,1.98,2.14,2.18,44.96,666
12033,5,5,1.61,2.37,1.27,40.68,158
12037,1,14,1.96,1.97,1.97,60.71,5333
12041,4,10,1.87,1.61,1.87,58.48,460
12045,5,6,1.87,1.35,1.91,65.09,599.99
12052,2,13,1.62,1.62,1.62,41.62,1500
12058,8,1,1.9,1.8,1.1,0,80
12059,7,0,1.2,1.21,1.92,33.8,169
12062,4,12,2.07,2.07,1.96,68.51,628
12064,5,0,1.7,1.1,1.71,31.63,488
12067,4,8,1.82,1.65,1.46,54.6,388.18
12069,16,1,1.7,1.4,1.1,0,15
12071,10,2,1.52,1.74,1.8,37.2,30
12072,10,1,1.6,1.6,1.2,0,29
12075,4,12,2.08,2.03,1.77,58.64,450
12077,18,0,1,1.5,1,0,20
12078,9,4,2.08,2.08,2.1,65.62,98
12087,9,0,1,1.2,1.7,3.48,19.89
12093,5,11,1.42,1.8,1.42,16.79,119
12097,20,0,1.1,1.5,1.5,0,10
12102,9,2,2.05,2.08,1.32,54.75,386
12110,10,0,1.6,1.4,1.6,11.78,38
12115,4,11,2.11,1.75,3.11,48.95,1377.77
12118,5,11,1.76,1.75,1.6,41.3,200
12136,15,1,1.3,1.5,1.5,0,5.55
12138,4,9,2.55,1.22,2.55,87.25,1599
12139,16,3,1.92,1.6,2.01,9.78,6
12140,10,0,1.6,1.3,1.51,0.39,11.88
12156,15,0,1.7,1.9,1.8,3.61,50
12168,9,0,2.25,2.25,1.25,68.69,199
12175,5,6,2.25,2.16,1.46,52.82,188
12182,5,5,1.31,2.39,1.64,27.24,266
12190,14,1,1.4,2.22,1.5,2.97,5.5
12204,4,9,1.86,2.05,1.85,46.58,499
12210,5,11,2.21,1.6,1.62,68.25,500
7874,10,1,1.1,1.1,1.5,1.97,8
12218,11,4,1.8,1.6,1.4,16.86,10
12220,4,5,2.07,1.64,2.09,68.66,1088
12226,5,8,1.77,1.99,1.84,57.5,269
12228,4,11,1.64,1.41,1.64,50.54,358.58
12231,5,3,1.55,1.2,1.94,16.12,300
12234,4,11,1.71,2.09,1.54,42.49,360
12237,4,10,1.17,2.17,2.2,39.25,555
12244,5,8,1.6,2.14,1.62,19.17,127
12280,5,9,1.75,2.5,1.74,53.34,388
12281,5,11,2.36,2.11,2.11,49.31,349
12284,9,5,1.6,1.62,1.34,26.16,60
12285,4,11,1.55,2.07,2.56,49.12,477
12292,2,13,1.8,2.25,2.25,50.12,1580
12293,3,12,1.85,1.45,1.46,69.52,666
12298,10,1,1.9,1.9,1.2,0,20
12305,10,2,1.9,1.6,1.6,8.07,25.99
12308,4,11,1.85,2.27,1.93,66.44,480
12309,5,12,2.61,1.7,1.7,82.06,799
12313,4,2,1.91,1.3,1.3,26.44,438
12319,11,1,1.1,1,1.7,4.67,10
12323,9,0,1.51,1.51,1.1,8.43,88
12325,15,0,1.84,2.32,1.5,15.51,66
12333,10,0,1.85,1.41,1.85,16.53,48
12334,2,13,1.95,1.99,1.92,48.04,1080
12342,9,1,1.1,1.4,1.1,0,24.99
12352,15,1,1.84,1.4,1.21,8.23,10
12356,5,10,1.92,1.95,1.44,61.9,299
12378,2,14,1.92,1.92,1.54,61.79,984.44
12381,5,11,2.06,1.42,1.42,56.22,499
12385,5,9,1.55,1.5,1.5,36.5,520
12386,5,2,1.24,2.06,1.24,35.97,198
12393,10,2,1.2,1.3,1.3,1.35,10
12401,9,4,1.2,1.7,2.02,1.35,19.99
12404,10,0,1.51,1.2,1.8,3.27,10
12407,13,3,1.2,1.9,1.61,10.2,20
12423,8,1,1.2,1.6,1.1,0,33
12426,9,0,1.2,1.7,1.8,0,30
12427,9,3,1.1,1.4,1.7,4.54,15
12429,4,10,2.2,2.12,1.72,52.74,599
12465,10,0,1.4,1.1,1.7,4.55,30
12467,5,3,2.12,2.12,1.11,35.56,180
12481,10,0,1.9,1.7,1.5,0,25
12482,2,13,1.79,1.76,1.77,50.38,1600
12482,2,13,1.79,1.76,1.77,50.38,1600
12483,2,13,3.07,1.36,2.37,72.17,3999
12516,5,6,1.8,1.53,1.74,33.29,199
12526,2,12,2.29,2.28,1.96,57.12,1400
12529,10,0,1.1,1.9,1.7,0,35
12538,5,8,1.76,2.06,2.08,53.27,599.99
12543,2,13,1.4,1.93,1.96,46.14,1000
12554,15,0,2.4,2.4,2.4,70.73,999
12559,18,3,1.7,1.34,1.01,1.92,2
12561,4,11,1.55,2.28,1.46,49.59,299.66
12563,10,2,1.44,2.13,2.23,15.74,30
12571,4,5,1.3,2.01,2.03,25.36,388
12576,5,10,1.2,2.31,1,0,70
12579,7,2,1.1,1.8,1.2,0,32
12584,10,0,1.3,1.41,1.8,3.09,18.88
12591,9,1,1.91,1.4,1.5,2.03,35
10572,10,0,1.9,1.8,1,0,5
12608,5,4,1.7,1.51,1.2,5.53,400
12610,6,6,1.51,2.35,1.3,13.75,60
10702,10,1,1.2,1.3,1.6,0,4
12617,5,10,1.5,1.48,1.11,26.29,85
12626,5,0,1.98,3,3,57.12,5188
12635,7,0,1.8,1.3,1.5,2.03,139
12640,5,11,1.85,1.86,1.25,63.8,500
12644,14,0,1.9,1.1,1.3,0,8.9
12648,5,7,1.1,1.91,1.1,20.63,150
12649,5,9,2.49,1.13,1.34,70.13,468
12653,5,6,1.73,1.23,2.29,22.19,500
12655,8,0,1.51,2.44,1.51,47.46,188
12659,9,0,2.21,1.21,1.21,9.46,99
12660,4,10,1.93,1.95,1.01,56.76,260
12662,15,0,1.41,1.2,1.41,3.33,9.9
12672,4,7,1.95,1.96,2.28,50.02,1000
12675,13,0,1.7,1.3,1.6,0,25
12677,10,2,2.29,1.85,2.29,74.08,170
12682,10,1,1.81,1.3,1.8,13.92,20
12684,5,12,2.68,2.68,1.75,81.21,609
12692,9,0,1.2,1,1.9,0,20
12694,7,9,1.84,1.84,1.81,51.19,299
12701,4,10,2.44,2.45,1.43,65.25,799
12704,4,8,1.34,2.69,2.69,38.76,588
12706,9,1,1.71,1.51,2.25,24.33,286
12707,14,0,1.4,1.5,1.5,0,6
12711,4,11,1.91,1.93,1.43,56.34,299
12715,7,2,2,2,1.96,48.89,150
12720,8,1,1.6,1.83,1.53,17.05,58.88
12723,14,2,1.21,1.4,1.4,9.21,3
12729,7,2,1.74,2.75,2.1,40.32,200
12731,2,13,1.74,1.69,2.29,27.09,1111.11
12737,10,0,1.53,1.53,1.53,41.19,300
12738,7,8,1.94,1.94,2.06,51.23,333
12741,9,0,1.66,1.65,2.15,32.79,78
12751,7,0,1.51,1.23,1.71,40.32,100
11858,10,3,1.1,1.9,1,0,6
12769,10,0,1.6,1.1,1.8,0,50
12784,6,11,1.92,1.69,2.2,38.62,188
12797,5,11,1.56,2.04,1.56,55.85,222
12798,7,4,1.56,1.74,1.56,28.31,58
12803,4,13,2.46,2.48,1.84,66.66,1111
12804,13,0,1.5,1.4,1.4,0,15
12815,8,4,1.63,2.6,1.63,54.07,188
12822,10,0,1.3,1.3,1,0,20
12844,5,10,1,1.51,1.63,6.77,100
12846,5,11,1.8,1.4,1.2,15.09,158
12856,5,4,2.08,1.45,2.1,84.42,600
12867,2,12,2.2,1.79,1.19,46.84,850
12882,5,6,2.92,1.36,1.92,54.78,550
12888,5,9,1.95,2.45,2.18,43.31,369.09
12889,5,11,2.15,2.15,1.89,58.02,299
12890,5,10,2.34,2.06,1.74,64.66,566
12891,5,11,1.9,1.9,1.53,42.13,120
12900,5,6,1.1,1.1,2.13,25.3,98
12917,5,0,2.06,2.47,1.48,27.65,250
12926,5,8,1.35,1.65,2.05,29.54,155.55
12942,5,10,1.94,1.94,1.41,56.99,260
12943,5,8,2.24,1.81,1.56,72.49,499
12952,9,0,1.8,1.9,1.4,0,15
12954,10,0,1.6,1.1,1,0,20
12960,5,1,1.4,1.4,1.3,5.78,150
12961,5,10,1.2,2.21,1.41,13.71,68
12970,5,0,2.06,2.09,2.06,48.32,1888
12977,5,10,1.71,1.71,1.35,60.92,288
12978,5,9,2.16,1.84,2.18,60.94,666
12979,5,4,1.86,1.86,2.13,46.38,300
12984,5,7,2.08,1.94,1.94,52.95,350
12986,1,13,1.16,2.18,1.26,26.86,4749
12995,5,10,1.44,1.34,1.96,29.88,248.89
13008,5,6,1.63,1.64,1.64,30.67,258
13013,5,7,2.08,2.08,2.11,66.65,666
13015,5,6,1.93,1.34,1.93,68.12,399
13023,5,5,1.14,2.18,2.15,32.48,188
13025,5,3,1.54,1.23,1.44,18.86,159
13030,5,8,1.1,1.2,1.1,0,115
13045,5,5,1.25,2.08,2.09,34.1,220
13054,5,10,1.41,1.83,1.53,13.95,149
13058,5,7,1.73,1.8,2.39,44.33,496
13060,8,2,1.2,1.4,1.5,4.96,38
13071,5,11,1.37,1.75,1.74,38.75,158
13072,5,6,1.69,1.93,1.67,44.06,388
13075,5,9,2.08,2,2.08,50.57,666.66
13081,5,9,2.18,1.9,1.82,55.67,300
13086,9,1,1.83,1.31,1.21,33.63,39.9
13087,1,14,1.87,1.59,1.59,71.73,4999
13094,5,8,1.55,1.15,1.77,43.58,288
13098,5,7,2.67,1.34,2.68,67.66,1100
13101,5,10,1.51,1.54,1.83,31.92,332.01
13102,5,7,2.52,2.52,2.52,82.24,800
13110,5,4,2.05,1.75,1.73,42.91,218
13111,5,8,2.13,1.6,2.28,53.65,360
13114,5,7,1.62,1.54,2.43,31.18,158
13119,2,12,1.92,1.92,1.98,47.74,1300
13120,5,11,2.19,1.79,1.98,81.56,580
13122,4,7,1.4,1.3,1.2,0,220
13126,2,13,1.44,2.31,2.31,36.4,838
13131,2,13,2.24,2.24,1.84,70.34,3000
13134,5,8,1.41,1.41,1.1,7.52,70
13146,4,12,1.95,1.27,1.97,49.72,488
13153,5,8,1.37,1.37,2.42,38.17,300
13155,5,0,1.87,1.84,1.87,56.22,858.85
13158,5,8,1.67,2.04,1.91,41.24,238
13161,5,11,1.61,1.95,1.97,33.59,235
13167,3,12,1.23,1.83,1.83,29.52,800
13173,5,11,1.47,1.29,1.48,38.14,150
13181,5,10,2.18,1.29,2.19,51.46,500
13186,5,10,1.44,2.24,2.04,26.86,336.01
13187,5,6,1.31,1.21,1.41,17.37,108.8
13202,5,2,2.03,2.01,2.03,55.35,299
13214,5,3,1.61,2.34,1.61,47.6,288.98
13217,5,6,1.57,1.74,1.74,41.68,199
13219,9,0,1.8,1.4,1.5,0,30
13232,5,6,2.67,2.65,2.65,39.58,666
13236,5,10,2.38,1.17,1.34,48.87,148
13237,5,0,2.01,1.41,1.3,39.67,338
13239,5,10,1.88,2.48,1.55,56.55,300
13271,5,8,1.6,1.63,1.6,60.25,444
13272,5,9,2.61,1.64,1.64,80.64,888
13273,2,13,1.84,2.29,2.29,45.25,1500
13282,5,8,2.67,1.5,1,88.85,388
13285,5,9,2.22,2.19,3.06,52.9,755
13286,5,1,1.59,2.11,2.11,40.38,259
13290,5,0,2.64,1.64,1.64,83.09,650
13302,5,3,1.87,1.88,1.51,30.51,300
13308,5,6,1.5,1,1.2,6.6,100
13310,5,6,1.97,1.88,1.88,77.65,520
13329,5,11,1.38,2.38,1.64,29.3,200
13330,5,2,1,1.7,1.3,0,200
13331,5,10,2.17,2.55,1.87,47.64,228
13332,5,6,1.05,1.27,2.57,33.49,365
13336,5,8,1.78,1.53,2.42,49.91,299
13341,5,10,1.41,1.1,1.4,18.53,189
13352,5,10,1.73,1.27,1.75,51.29,279
13355,5,8,2.08,1.44,2.28,26,277
13375,5,10,1.92,1.94,1.93,53.2,428
13386,5,11,1.65,1.71,1.69,46.54,380
13403,5,11,1.4,1.1,1.1,2.99,59.88
13407,5,1,1,1.5,1.1,0,150
13410,5,11,1.82,1.88,2.32,47.91,550
13412,5,1,2.58,1.78,1.78,87.97,1888
13415,5,10,1.31,1.7,1.61,20.18,99.9
13421,2,13,2.27,2.25,1.34,62.49,1088
13430,7,9,1.98,2.01,2.01,59.92,399
13439,5,9,1.1,1,2.11,31.77,100
13444,10,1,1.75,1.25,2.27,48.13,88.88
13447,9,2,2.08,1.44,2.48,45.85,250
13454,5,6,1.44,1.4,2.17,38.37,188
13457,5,9,1.91,1.85,1.85,61.67,299
13464,5,10,1.94,1.95,1.47,37.66,145
13465,4,8,1.43,2.35,1.33,40.82,260
13476,2,10,1.87,2.27,1.87,34.46,2787
13479,2,1,1.64,1.64,2.65,33.55,5000
13482,5,0,2.1,1.56,1.56,48,2000
13486,5,10,1.6,1.2,1.11,5.45,150
13490,5,1,1.8,1.7,1.51,9.73,300
13495,2,13,1.17,2.15,1.81,27.99,2500
13502,2,11,1.79,1.79,2.48,46.33,2000
13517,10,0,1.91,1,1.6,2.17,49.48
13519,10,0,1.63,1.64,1.63,15.91,39.99
13525,5,10,1.4,2.21,1.1,0.19,57.9
13534,9,2,1.31,1.6,1.7,4.7,138
13538,4,4,2.23,2.23,1.73,50.31,799
13541,2,13,2.17,2.17,2.11,66.6,8888
13561,5,10,1.94,2.07,1.94,75.52,500
13563,5,10,1.59,2.27,2.25,42.24,288.88
13575,5,12,1.74,1.74,1.67,52.22,269
13576,5,8,1.73,2.24,2.35,50.09,538
13587,5,5,1.1,1,1,0,90
13599,14,2,1.31,1.8,1,2.89,5
13601,5,5,1.2,1.1,1.2,14.02,110
13607,10,3,1.3,1.6,1.71,12.58,10
13610,5,9,2.47,1.94,1.64,78.09,599.77
13614,5,10,2.27,1.35,2.27,52.38,266
13617,5,10,1.1,1.64,1.1,9,133
13621,5,11,2.13,2.13,1.57,51.36,400
13628,5,2,1.35,1.77,1.77,30.38,150
13635,5,7,1.37,1.85,1.17,10.23,199
13642,15,0,1.43,1.6,1.6,2.55,4
13650,5,2,1.94,2.64,1.93,62.78,888
13659,5,4,1.41,2.13,2.13,38.67,688
13686,5,9,1.75,1.84,1.63,30.26,299.99
13692,15,2,1.9,1.6,1.1,0,5
13703,5,10,1.98,2.21,1.94,49.25,366
13727,5,10,1.43,1.47,1.47,37.27,188
13734,4,11,1.8,1.88,1.77,57.81,999
13741,5,10,1.64,2.05,1.61,45.97,499.01
13742,5,0,1.94,2.53,2.01,48.72,888
13743,5,0,2.15,1.77,1.73,42.21,380
13744,5,6,1.64,2.48,1.48,37.36,199
13748,5,6,2.05,1.15,1.84,60.17,600
13757,5,3,1.14,1.76,1.11,22.62,88
13764,10,0,1.93,1.51,1.93,60.56,98
13764,10,0,1.93,1.51,1.93,60.56,98
13766,8,5,1.21,1.86,2.27,38.64,230
13767,2,13,2.33,2.03,2.11,28.22,1550
13772,5,5,1.28,1.86,2.07,34.37,298.76
13783,5,10,1.03,1.63,1.57,12.53,88
13796,10,1,1.4,1.1,1.8,5.99,15
13807,5,7,1.1,1.41,1.61,12.56,80
13808,9,2,1.94,2.35,2.35,41.5,200
13819,5,5,2.4,2.77,1.78,50.97,700
13825,5,10,1.74,1.16,2.7,35.47,399
13827,5,8,2.08,1.5,1.21,25.23,222
13841,5,2,2.04,1.31,2.06,33.39,300
13842,2,0,2.08,2.26,1.96,47.17,4999
13843,5,11,1.01,2.06,2.03,28.65,108
13844,8,6,2.13,1.11,1.78,53.19,220
13855,5,11,1.36,2.34,2.34,38.84,888
13857,2,13,1.73,1.73,1.86,58.38,1199.99
13860,5,10,1.76,1.74,2.26,46.91,500.01
13866,5,6,1.81,1.81,1.11,39.16,158
13868,5,11,1,1.2,1.3,0,119
13872,5,6,1.1,1.2,1.2,1.25,333.33
13882,5,1,1.83,1.97,2.36,56.78,899.99
13884,4,1,1.14,1.54,1.14,30.5,298
13898,4,11,1.14,1.28,2.14,39.32,359.6
13908,5,10,2.06,2.03,1.44,64.2,370
13912,5,10,2.33,1.44,1.31,37.88,298
13913,5,7,2.43,2.48,2.43,70.31,1800
13917,5,5,2.56,1.63,1.51,61.32,325
13940,4,12,1.94,1.46,1.47,72.76,599
13952,5,7,2.1,1.37,1.41,59.77,350
13955,12,1,2.05,1.77,1.77,31.27,58
13960,8,0,1.3,1.8,2.11,6.47,58
13961,5,10,1.2,1,1.2,0,75
13972,5,7,1.23,1.93,2.01,43.65,288
13978,4,2,1.5,1.51,1.51,37.26,688
13980,1,11,1.67,1.67,1.67,53.46,6677
13983,5,9,1.76,1.74,1.74,41.66,177
13987,5,3,1.45,1.77,1.47,26.39,188
13988,5,3,1.3,2.34,1.64,49.08,325
13989,5,10,2.11,1.83,2.11,60.05,599.01
13990,5,7,1.9,1.81,1.87,37.17,333
14007,10,0,1.8,1.1,1.4,2.05,12
14008,9,2,1.5,1.6,1,0,20
14014,5,9,1.51,2.08,2.01,30.18,188
14023,7,0,3.01,1.24,1.46,36.31,200
14024,3,11,1.66,1.7,1.66,21.5,999
14029,5,10,2.04,1.2,2.04,33.65,310
14031,5,7,1.51,2.13,1.1,16.06,131.12
14034,5,0,2.07,2.07,2.37,44.6,999
14046,5,2,1.41,1.21,1.81,9.03,288
14047,5,0,1.6,1.51,2.24,40.2,508
14065,5,0,1.97,1.97,1.55,48.62,199
14066,5,10,1.71,1.3,1.1,11.34,140
14083,10,2,1.51,1.3,1.91,1.48,18
14115,5,7,1.71,2.11,1.2,30.82,80
12216,10,0,1.3,1.51,1.21,4.38,8
14145,5,11,1.94,1.94,1.96,47.69,388.88
14148,4,11,1.56,1.93,1.94,47,698.3
14149,13,0,1.4,1,1.2,3.2,15
14150,2,12,2.11,1.1,1.1,51,1008.18
14154,5,9,2,1.97,1.54,57.82,299.66
14162,5,10,1.6,2.08,2.06,42.31,188
14170,5,10,1.13,1.91,1.91,32.35,120
14174,5,10,2.27,2.27,2.39,75.73,798
14179,2,10,1.88,2.11,2.11,59.46,1999.99
14183,5,7,2.44,1.43,2.44,62.19,588
14198,5,10,1.76,2.04,1.64,42.28,130
14203,5,6,1.81,2.34,1.61,48.31,188
14205,10,0,1.61,1.7,1.7,2.99,88
14209,4,11,1.3,1.41,1.01,9.46,168
14214,5,6,1.64,1.56,1.84,36.35,199
14217,5,1,2.04,1.6,2.04,53.66,299
14224,2,13,1.94,1.94,1.03,48.8,999
14232,14,0,1.99,1.36,1.99,57.09,45
14241,4,6,1,1,1.1,0,125
14244,5,9,1.61,1.74,1.76,34.98,188
14255,9,1,1.1,1.6,1.8,0,19.99
14259,5,4,1.94,1.23,2.23,45.38,400
14272,4,11,1.8,1.79,1.59,57.05,399
14284,2,13,1.87,1.87,1.41,62.68,1999
14289,5,10,1.96,1.97,2.06,54.6,358
14295,5,3,1.26,1.97,2.3,34.39,260
14317,5,9,2.04,2.06,2.07,66.7,899
14326,5,10,2.56,2.56,2,48.77,888
14327,5,3,2.06,2.06,1.24,60.77,599.36
14337,5,9,1.63,1.46,2.19,45.63,222
14350,5,8,1.21,1.31,1.71,13.82,119
14351,2,13,2.19,2.19,1.76,68.36,3999
14367,5,12,1.99,2,1.97,56.63,688
14370,9,3,1.94,1.89,2.34,30.07,88
14379,6,7,1.21,2.22,2.17,32.43,188
14390,2,12,1.46,1.7,1.59,30.88,1288
14391,2,12,1.11,2.13,1.11,26.8,3000
14392,2,13,1.64,2.03,2.04,41.56,1333
14393,5,0,1.91,1.81,1.41,58.31,888
14395,5,9,1.57,2.16,1.54,40.86,188
12612,10,0,1.4,1.2,1.3,0,6.55
14404,4,0,1.66,2,1.96,38.47,386.68
14406,4,7,1.47,1.47,1.84,29.72,399
14414,4,10,1,1.71,1,3.43,165
14417,4,9,1.36,1.57,1.76,32.23,288.11
14418,2,13,2.27,2.27,1.11,51.66,888
14419,5,11,2.33,1.67,1.64,55.38,288
14425,5,1,1,1.1,1.8,4.14,223
14437,4,2,2.11,1.8,2.03,47.43,588
14442,5,0,1.2,1.1,1,0,198
14444,5,9,1.44,1.76,1.56,11.92,175
14446,5,8,1.61,1.81,2.21,21.34,180
14455,5,0,1.6,1,1.9,6.63,250
14457,5,10,1.51,1.11,2.56,24.73,222
14464,4,12,1.4,1.3,1.1,0,126
14474,5,0,1.2,1.1,1.2,0,210
14478,4,8,1.76,1.73,1.56,36.78,240
14491,5,10,1.83,2.2,1.17,66.21,200
14518,2,12,2.12,1.67,1.67,75.22,2666.69
14521,5,2,2.03,1.1,1.73,30.76,199
14532,5,11,1.77,2.14,2.42,49.22,222
14533,5,7,1.54,1.54,1.54,42.1,1888
14535,5,10,1.63,2.04,2.06,47.93,399.01
14541,10,0,1.3,1.6,1.6,0,24.8
14546,8,0,1.1,1.5,1.9,0,35
14550,9,2,2.01,1.73,1.74,23.69,40
14558,5,2,2.63,1.93,1.64,62.4,900
14579,5,9,1.55,2.21,2.06,41.47,199
14580,5,10,1.14,1.31,1.73,10.57,80
14585,5,2,1.69,1.42,1.69,38.97,249.9
14588,8,0,1.8,1.3,1.3,0,30
14589,8,1,1.49,1.13,1.01,11.18,20
14593,5,9,2.4,2.19,2.4,69.74,629.66
14604,5,8,2.4,2.37,2.37,52.18,399
14610,5,9,1.73,2.33,1.01,50.59,300
14611,10,4,1.6,1,1.93,5.5,40
14622,5,2,1.94,1.94,1.94,42.15,680
14623,5,5,1.56,1.53,1.91,34.03,139.99
14626,14,2,1.9,1.91,1.91,5.19,68.8
14633,5,9,2.01,1.21,1.57,66.68,220
14635,5,9,1.49,2.5,2.49,33.01,600
14646,8,3,1.33,1.51,1.91,25.95,122
14649,5,10,1.7,2.33,1.7,45.78,200
14653,12,1,1.4,1.8,1.1,0,10
14677,10,1,1.7,2.63,1.4,14.35,28.88
14680,1,13,1.47,1.03,2.52,39.67,5288
14689,4,9,1.67,1.77,1.77,34.86,388.88
14693,5,0,2.36,1.63,1.33,52.32,200
14698,5,10,2.3,2.3,2.3,55.36,1500
14704,5,10,1,1.7,1.2,0,100.8
14710,2,13,2.34,2.34,2.06,60.43,1968.86
14720,5,6,2.62,3.05,2.63,53.22,888
14727,4,11,2.7,2.7,2.69,76.45,2000
14731,9,1,2.03,2.03,1.51,72.42,100
14734,5,11,1,1.2,1.1,0,59.8
14747,5,11,1,2.14,1,31.39,150
14749,5,10,1.86,1.83,1.83,32.7,150
14756,3,12,1.59,1.89,1.6,35.89,1400
14764,5,8,2.14,1.24,1.24,64.25,288
14769,5,2,2.24,2.04,2.06,57.48,480
14778,5,8,1.43,1.74,1.41,24.25,88
14779,7,9,1.2,1.3,1.7,0,60
14782,20,1,2.03,1.61,1.81,30.61,26.9
14797,5,10,1.3,1.74,1.3,12.13,130
14802,5,5,1.56,1.25,1.72,31.97,180
14823,5,9,1.4,1.3,1.1,0,72
14851,4,10,1.4,2.23,1.41,21.26,288
14857,5,0,2.11,1.5,1.31,51.34,418
14869,5,9,1.36,3,3,52.3,300
14876,2,12,1.21,1.96,1.24,34.15,1278
14878,5,11,1.91,1.8,1.96,80.5,988
14884,5,3,1.96,2.47,2.47,42.3,1699
14890,2,13,2.54,1.57,1.57,69.04,2888.88
14897,5,10,1.86,2.39,1.86,61.3,398.99
14899,2,13,1.24,2.27,1.69,33.94,880
14900,10,3,2.14,2.17,2.16,38.48,55
14915,5,10,1.37,1.97,1.37,25.9,280
14918,8,3,1.4,1.1,1.3,0,48
14921,5,0,1,1.7,1,4.15,200
14927,5,12,2.26,2.26,2.27,43.06,2001
14938,5,6,1.7,1.66,1.74,39.08,230
14945,5,3,1.67,2.67,1.9,40.93,388
14967,9,3,1.1,1.5,1.61,4.56,128
14983,15,1,1.6,1.9,1.8,0,9.99
14993,5,8,2.06,2.06,2.07,43.25,300
15003,4,2,1.52,1.42,1.52,29.71,588
14123,10,5,1.8,1.2,1,0,9.9
15018,10,1,1.3,1.5,1.3,0,20
15032,5,11,2.15,1.88,1.88,55.91,444
15036,5,0,1.83,1.2,1.83,40.61,168.88
15040,5,8,2.11,1.12,2.13,54.82,485
15041,4,11,2.41,2.35,1.73,43.06,346
15050,5,5,1.4,1.7,1.2,0,160
15064,4,11,1.7,1.2,1.15,25.01,99.87
15075,5,11,2.09,2.79,2.75,54.33,497
15086,9,2,1.6,1.8,1,0,19
15087,5,10,1.32,1.42,1.8,17.31,119
15093,5,10,1.45,2.13,1.46,22.64,88
15095,10,3,1.95,1.51,1.55,55.27,66.66
15098,5,10,2.51,1.51,1.51,76.79,599.77
15108,5,10,1.85,1.36,1.85,45.76,199
15111,5,10,2.13,2.15,2.15,53.03,777.71
15127,9,8,1.62,1.92,1.62,16.86,20
15128,5,3,2.19,1.71,1.71,40.62,299
15132,5,11,2.05,1.62,1.65,56.53,500
15147,4,2,1.93,1.53,2.45,37.73,1200
15149,2,12,1.75,2.12,1.75,69.79,1499
15154,5,9,2.22,1.98,1.98,52.56,288
15155,5,10,1.55,2.23,2.23,40.87,599
15162,5,11,1.96,1.93,1.95,35.79,199
15168,5,2,1.3,1.3,1.2,0,150
15169,5,10,2.4,2.11,1.75,69.72,668
15175,8,1,1.6,1.4,1.1,0,39.9
15179,5,11,1.9,2.25,1.22,48.72,199.95
15185,5,11,1.46,1.49,1.46,39.06,166
15189,5,8,1,1.9,1.2,0,70
15191,10,2,1.6,1,1.4,0,10
15198,2,13,1.82,1.75,2.15,54.75,1866.88
15202,5,8,1.55,2.26,1.75,26.24,160
15204,8,3,1,1.7,1,0,40
15222,2,13,1.25,1.25,1.36,13.74,759
15227,5,3,2.48,1.43,2.48,54.4,1050
15234,9,0,2.15,1.83,2.15,43.64,109
15239,14,0,1.4,1.5,1.5,0,3.5
15247,5,2,1.32,1.9,1.33,34.14,100
15281,5,10,1.3,1.7,1.1,0,60
15287,9,0,1.3,1.82,1.7,5.6,25
15288,5,11,1.43,1.46,1.46,33.26,399
15720,10,5,1.4,1.6,1,0,8.19
15306,5,11,2.19,2.21,2.19,49.16,888
15314,5,10,1.25,2.16,2.16,38.58,158
15321,4,4,1.56,2.69,1.95,48.49,299
15325,3,11,1.06,2.08,1.88,34.51,478
15361,10,0,1.33,1.32,1.92,5.41,12
15362,8,5,1.12,1.92,2.55,28.44,118
15371,5,10,1.43,1.94,1.79,38.54,200
15373,2,13,1.95,1.29,1.86,53.66,1800
15374,4,9,1.63,1.69,1.63,62.81,399
15378,5,3,1.42,1.88,1.78,15.93,150
15381,5,11,2.22,1.73,1.76,56.64,330
15395,9,1,1.72,1.6,1.4,4.48,12.13
15408,5,11,1.62,1.64,2.4,43.71,266.69
15429,5,11,1.4,1.9,1.1,6.25,70
15433,5,8,1.22,1.62,2.23,20.38,148
15434,8,2,2.09,1.39,2.03,77.43,366
15446,10,0,1.9,1.1,1.4,12.57,10
15450,12,1,1.9,1,1.6,0,6.9
15455,2,13,1.69,1.69,2.08,42.48,2299
15457,3,12,1.75,2.27,2.27,57.35,1388.88
15466,5,11,2.59,1.46,2.48,63.41,799
15467,5,8,1.2,1.72,1.53,16.07,120
15474,2,13,1,1.1,1.33,5.08,696
15475,5,3,1.78,1.75,1.76,51.88,333
15483,5,5,1.75,1.49,2.16,37.39,499
15484,5,4,1.03,1.23,2.03,11.15,200
15497,2,12,1.95,1.05,1.81,74.56,1566
15504,5,10,1.52,2.06,2.11,55.88,300
15508,4,12,1.49,1.48,1.15,42.07,299
15518,5,10,1.35,1.33,2.16,36.77,260
15524,2,13,1.38,2.39,2.41,34.94,2888
15530,5,4,1.96,1.96,1.6,60.72,577.63
15544,5,3,1.3,1.3,1.3,33.25,777
15553,5,5,1.56,2.31,2.26,27.89,350
15559,10,0,1.9,1.5,1.7,0,66.6
15564,5,11,2.02,1.55,1.56,58.54,600
15575,5,9,1.93,1.5,1.55,68.58,288
15580,5,10,2.21,1.16,1.91,70.94,555
15590,10,1,1.82,1.3,1.8,1.97,50
15592,5,11,1.56,1.16,1.35,7.66,138
15593,4,8,1.96,1.61,2.02,71.24,1000
15594,4,11,1.45,1.5,1.5,18.95,230
15595,5,8,1.98,1.56,1.93,56.33,380
15608,13,2,1.3,1.6,1.9,0,17
15609,2,12,1.43,1.46,1.76,34.81,1388
15611,4,7,1.2,1.12,1.22,13.12,230
15618,5,4,2.06,2.51,2.51,63.83,1188
15625,4,6,1.76,2.19,2.18,45.82,299
15635,4,11,1.43,1.76,1.76,34.61,300
15643,5,10,1.18,2.26,2.83,41.08,279
15645,9,1,2.02,2.03,1.7,16.75,65
15651,8,3,1.52,2.03,2.33,31.88,146.67
15656,5,5,1.2,1.72,1.2,32.18,99.99
15658,2,12,2.01,2.01,2.53,59.09,1999
15665,4,11,1.96,2.35,1.12,37.19,380.18
15667,8,3,1.96,1.68,1.96,52.25,138.88
15669,2,13,2.19,1.93,2.19,53.6,1499
15670,4,12,1.98,1.85,1.13,71.98,349.77
15840,10,3,1.7,1.3,1.5,0,5.98
15673,5,11,1.66,1.66,1.63,11.27,540
15676,5,9,2.39,2.36,2.39,23.35,550
15697,5,9,1.85,1.29,2.15,48.45,299
15699,10,3,2.66,1.63,2.68,51.4,188
15700,5,3,1.52,1.9,1.53,45.26,149.9
15702,5,9,1.65,3.31,1.18,43.19,169
15705,13,1,1.62,1.95,1.73,20.98,8.6
15972,10,0,1.2,1.1,1.3,0,8
15736,5,4,2.31,1.95,1.95,67.53,700
15737,5,4,1.75,2.26,1.49,38.38,138
15741,8,0,1.7,1.1,1.3,0,45
15742,11,0,1.82,1.83,1.83,63.74,88
15747,5,3,1.38,1.71,2.18,29.28,180
15763,9,0,2.08,1.53,1.65,38.83,80
15766,5,4,1.12,1.72,1.12,10.94,99
15775,5,5,1.63,2.33,1.32,8.18,120
15777,10,0,1.2,1,1.6,0,80
15779,5,8,2.03,1.72,1.53,57.91,188
15784,16,4,1.85,2.13,2.23,31.52,40
15787,4,11,1.86,2.19,1.91,49.91,499
15790,7,8,1.72,1.62,1.42,16.63,129
15810,9,3,1.1,1.5,1.1,0,20
15818,5,0,1.93,2.28,2.29,40.29,399
15827,8,2,2.35,1.59,1.76,38.45,180
15828,5,6,1.88,1.86,1.86,64.77,688
15990,10,0,1.1,1.5,1.6,0,8
15841,9,2,1.3,1.5,1.4,0,19
15845,5,0,1.8,1.4,1.8,32.9,388
15846,10,4,1.96,1.95,2.03,51.2,180
15860,5,0,1.86,2.13,1.9,66.51,699
15863,4,10,1.55,1.48,1.45,24.25,300
15878,9,3,1.9,1.3,1.2,0,24
15893,9,2,1.4,1.6,1.4,0,24
15894,7,5,1.95,2.51,1.75,55.62,198
15897,5,9,1.75,1.68,1.02,30.8,80
15917,4,5,2.56,1.7,1.7,71.16,588
15924,5,10,1.72,1.23,1.55,38.44,350
15932,8,1,1.65,1.73,1.73,26.38,48
15952,5,0,1.84,1.72,1.72,48.86,689
16037,10,0,1.3,1.7,1.2,0,8
15975,4,8,1.26,2.1,2.11,27.25,400
15980,5,11,2.33,2.3,1.26,56.21,199.99
15982,2,13,1.28,1.9,1.28,29.13,828
15989,5,6,1.82,1.12,1.6,11.31,150
16200,10,1,1.8,1.6,1.5,0,8
15993,4,12,1.96,2.05,1.88,51.57,566
16001,10,1,1.9,1.5,1,7.9,10
16012,5,6,1.9,1.74,2.72,52.32,800
16024,5,11,2.25,1.4,1.23,43.77,340
16030,5,6,1.15,2.16,2.16,28.32,138
16036,5,11,1.03,2.05,1.63,20.84,88
17449,10,6,1.3,1.82,1.6,4.58,8.8
16046,5,0,1.8,2.05,2.03,70.44,1500
16049,13,1,2.22,1.9,1.4,49.11,50
16053,10,0,2.48,2.46,2.46,43.41,266.69
16068,9,0,1.4,1,1.72,1.62,118
16082,2,12,1.88,1.88,1.43,69.81,1499
16090,2,13,1.45,1.85,1.85,37.79,1288
16099,5,2,1.96,1.38,1.93,40.67,339.9
16102,5,4,1.13,1.23,2.13,3.34,100
16125,5,0,1.4,1.5,1.22,3.66,55
16134,5,1,1.22,1.52,1.52,32.08,333.33
16148,5,10,2.03,2.06,2.1,59.64,488
16154,8,3,2.58,2.6,2.58,67.78,1888
16158,5,10,1.92,2.05,1.1,37.6,129.9
16170,2,9,2.45,2.45,1.72,54.21,2088
16171,5,10,1.78,2.2,2.25,43.93,259
16176,5,4,1.1,1.6,1.9,1.28,288
16177,10,2,1.8,1,1.1,0,15
16179,13,1,1,1.7,1.1,0,5
16182,5,6,1.86,1.93,1.65,68.54,328
16183,10,0,1.95,1.58,1.96,49.74,80
16188,21,1,1.6,1.8,1,0,99
16191,5,8,1.76,1.76,1.03,35.45,210
17875,10,4,1.4,1.4,1.7,0,5
16213,5,9,1.83,1.66,1.65,54.5,200
16218,4,10,1.53,1.5,1.1,37.12,149.9
16224,5,10,2.15,1.65,2.2,31.39,330
16228,5,0,1.85,1.13,1.23,62.08,256
16229,5,4,2.68,1.78,1.65,51.15,236
16233,5,5,2,2.35,1.85,55.97,298
16240,2,13,1.23,2.28,1.98,35.05,1000
16244,8,0,1.23,1.22,1.2,38.59,68
16256,5,10,1.38,2.07,1.38,25.08,268
16265,5,7,1.45,1.43,1.93,24.17,210.58
16278,5,5,1.87,1.42,1.33,25.15,160
16282,5,0,1.1,1.8,1.8,8.77,165
16285,5,10,3,1.07,3,110.14,1898
16291,5,10,1.88,1.75,2.08,43.18,400
16309,5,8,2.02,2.33,1.55,40.03,158
16317,5,1,2.23,1.87,1.38,62.55,288
16318,5,7,1.83,1.83,1.83,29.56,500
16326,5,10,1.82,1.93,1.65,37.99,299.99
16332,5,2,1.77,1.97,2.83,54.31,1088.99
16333,9,1,1.2,1.3,1.2,0,50
16335,4,12,1.42,1.75,1.75,27.67,408
16351,10,6,1.97,1.93,1.93,55.96,99
16381,8,1,1.93,1.93,1.82,72.79,888
16382,5,5,1.91,3.38,1.47,48.71,298
16383,5,1,2.3,2.28,2.3,73.29,888
16393,2,13,2.16,1.33,2.16,59.06,3999
16412,5,10,1.02,1.5,1.42,4.35,100
16421,12,1,1.1,1,1.1,0,4
16423,5,6,1,1,1.3,6.15,70
16430,5,6,1.12,1.4,1.95,17.48,188
16433,5,0,1.07,1.07,2.1,37.34,988
16445,7,9,1.45,1.45,1.45,16.74,70
16448,5,10,2.33,1.72,1.87,49.05,288
16449,5,9,1.23,2.25,1.6,22.02,268.88
16459,5,8,1.72,2.5,1.98,31.15,380
16460,2,13,1.57,1.57,1.95,31.17,1298
16463,5,0,2.32,1.1,1.1,15.83,289
16475,5,6,1.38,1.68,1.68,46.55,228.88
16504,5,9,2.32,1.78,2.75,66.47,699.66
16515,5,10,2.17,1.88,1.9,55.02,386
16515,5,10,2.17,1.88,1.9,55.02,386
16522,9,0,1.7,1.2,1.92,7.36,29.9
16525,5,9,2.1,1.17,1.27,53.18,244.44
16527,5,6,1.33,1.25,2,43.39,666
16532,5,1,1.7,1.1,1.3,0.28,290
16545,17,1,1.7,1.3,1,0,2
16547,5,10,1.77,2.52,1.75,43.92,210
16575,5,8,1.47,2.28,1.45,38.07,180
16587,2,13,1.75,1.75,1.73,63.51,1500
16596,5,3,2.53,2.23,2.53,61.47,1999
16598,5,4,2.18,2.13,2.13,66.97,488
16613,10,0,2.12,1.1,2.12,9.27,100
16655,14,4,1.92,1.4,1.9,15.38,6
16662,5,0,1.98,1.95,1.98,63.11,1888
16672,5,1,1.5,1.3,1.9,0,300
16685,5,0,2.37,1.67,2.38,71.18,1666
16688,2,13,1.33,1.32,1.62,26.07,769
16691,5,0,1.83,1.65,1.62,47.98,388
16693,5,0,2.05,1.7,1.03,18.99,138
16696,5,8,1,2.32,1,11.5,88
16704,5,12,1.63,1.95,2.5,36.35,460
16711,5,4,1.35,1.75,2.03,21.73,300.88
16714,2,13,1,2.02,1.68,32.01,1333
16736,5,11,1.3,1.32,1.93,42.71,210
16757,10,2,1.62,1.62,1.95,14.78,28
16761,5,1,1.2,1.8,1.2,0,320
16764,4,12,1.73,1.78,1.12,57.01,188
16790,2,13,2.18,2.18,1.87,49.54,1588
16792,5,8,1.88,1.87,1.85,45,199
16796,9,1,1.3,1.5,1.2,0,20
16799,5,12,1.8,2.03,1.8,62.33,299
16817,5,1,2.32,2.57,1.55,37.64,150.01
16819,10,1,1.5,1.4,1.1,3.5,20
16820,8,5,2.08,2.08,2.08,67.63,499
16824,5,1,1.7,1.4,1.2,0,300
16825,22,1,1.6,1.4,1.92,5.34,4.9
16835,5,5,1.93,1.43,1.93,47.12,800
16840,10,2,1.32,2.02,2.02,19.54,20.88
16848,10,1,1.9,1.3,1.4,0,19.68
16865,10,0,1.53,1.57,2.05,29.49,48
16867,5,1,1.8,1.3,1.5,0,300
16870,5,10,1.65,1.3,1.32,32.38,199
16874,7,5,1.72,1.6,1.7,10.84,150
16875,5,7,1.4,2.05,2.38,34.38,258
16876,5,10,1.32,1.3,1.6,10.93,150
16892,5,11,2.12,1.85,1.47,80.33,500
16898,5,11,1.97,1.33,1.75,28.99,380
16903,5,1,1.4,1.1,1,0,250
16911,14,1,2.33,1.12,2.33,31.82,108
16915,5,9,1.7,1.63,1.7,53.17,219.99
16932,29,2,1.62,2.15,2.15,8.77,18.88
16936,5,1,1.58,1.57,1.95,46.31,899
16944,5,5,1.73,1.67,1.58,59.43,249.9
7802,11,1,1.2,1.7,1.4,0,5
16958,5,10,2.3,1.47,1.6,46.45,188
16968,5,5,1.9,2.14,2.14,52.34,280
16972,14,2,1.3,1.4,1.2,0,4
16975,4,3,1.4,1.3,1.3,0,315
16983,5,10,1.65,1.82,1.25,48.27,218
16990,5,10,1.98,1.55,2.57,37.61,300
16994,2,12,2.22,1.3,2.22,54.43,2888
17004,2,9,2.33,2.33,1.72,39.14,1600
17009,5,2,2.42,1.42,2.14,73.15,1999
17009,5,2,2.42,1.42,2.14,73.15,1999
17011,5,7,1.55,1.57,1.82,51.09,299
17021,5,5,1.92,1.32,1.7,15.67,210.8
17055,4,6,2.5,2.5,1.7,50.15,1111
17056,5,11,1.53,1.95,2.79,35.09,450
17060,10,3,1.9,1.2,1.2,0,10
17067,5,1,1.8,1.5,1.2,0,300
17071,9,1,1.97,1.27,2.33,34.58,118
17076,5,2,1.3,1.32,1,3.04,180
17088,5,6,2.03,1.5,1.25,61.05,188
17103,8,1,1.77,2.35,2.35,47.25,199
17106,5,5,2.54,1.85,2.52,73.56,888
17107,9,0,1.7,1.2,1.3,1.99,20
17111,5,2,1.95,1.32,1.6,34.54,460
17112,27,2,2.02,1.9,1.6,7.85,2.99
17113,5,0,1.2,1,1.1,6.82,300
17118,12,1,1.7,1.1,1.7,0,8.8
17127,5,9,2,1.53,1.85,68.62,400
17146,5,7,1.33,1.33,1.33,23.55,333
17148,5,6,1.6,1.67,2.13,31.32,820
17149,6,8,1.43,1.42,1.95,28.59,90
17170,5,7,1.89,2.12,1.35,58,288
17173,4,11,2.33,2.13,1.62,50.72,480
17176,2,13,1.12,2.32,1.12,31.46,880
17179,4,6,2.13,1.3,1.1,29.43,298
7938,11,2,1.3,1,1.58,5.96,8
17196,5,1,1.67,1.67,1.63,32.59,180
17197,5,7,1.32,1.32,1.92,43.19,788
17202,5,5,1.22,2.03,1.73,29.72,168.88
17216,5,9,1.52,1.53,1.13,43.53,169
17239,5,11,2.12,1.85,1.53,39.72,320
17242,5,10,1.99,2.26,2.26,47.87,500
17257,14,2,1.93,2.37,1.62,41.77,10
17264,5,9,1.2,1.8,1.4,0,130
17266,5,12,1.77,1.74,1.74,62.01,360
17279,9,1,1,1.1,1.7,0,18.88
17291,5,8,1.35,1.62,2.8,12.58,473
17297,5,11,2.02,2.02,1.97,63.04,600
17302,9,1,1.8,1.5,1.1,0,20
17318,5,7,1,1.6,1.6,6.52,160
17324,5,5,1.98,1.51,2.03,53.99,558
17337,4,9,1.72,2.25,1.75,40.46,240
17341,10,0,2.07,2.12,2.5,58.47,220
17347,5,4,2.12,1.42,2.07,50.53,777
17351,5,10,1.6,1.95,1.59,25.61,300
17357,5,10,2.09,2.03,2.05,65.18,666
17365,8,1,1.7,1.1,1.1,0,24.68
17368,5,10,2.3,2.02,2,85.27,579.66
17384,5,0,1.9,1.62,1.4,2.23,168
17391,10,2,2.02,1.5,1.7,2.37,29
17401,5,6,1.32,1.42,1.62,8.57,150
17402,10,8,1.5,1.6,1.8,0,10
17414,8,9,1.7,1.72,1.7,55.52,300
17419,8,4,1.2,1.3,1.7,0,13.88
17428,8,7,1,1.6,1.1,0,18
11510,11,0,1.3,1.6,1.9,2.9,8
17456,5,11,1.42,1.6,2.05,25.53,155
17457,5,8,2.42,1.27,2.29,60.09,1387
17458,5,6,2.15,2.22,2.19,47.33,400
17468,8,0,1.8,1.3,1.6,0,40
17478,10,2,1.87,2.36,2.32,50.21,200
17488,12,1,1.6,1,1.6,0,17.77
17494,5,11,2.15,1.39,1.1,41.46,188.8
17508,5,10,1.84,1.85,1.02,62.37,228.28
17510,5,10,2.32,1.12,1.75,67.49,469.66
17511,5,10,1.12,1.89,1.89,28.45,109
17514,10,0,1.94,1.94,1.4,39.91,25
17517,5,11,1.42,1.95,1.45,26.98,128
17532,5,4,1.89,1.89,1.89,57.68,999
17535,5,10,1.27,2.31,2.31,21.71,169
17547,5,10,2.67,1.64,1.94,65.27,599
17561,5,7,1.2,1,2.14,25.12,200
17573,5,11,1.81,2.14,1.75,43.54,210
17574,5,9,2.21,1.43,2.21,61.79,999
17583,5,6,1.72,1.87,1.87,73.83,318
17586,8,0,1.6,1.7,1,0,48.85
17593,10,0,2.32,1.3,1.5,0,20
17602,4,1,2.04,2.14,1.1,52.59,488
17610,2,12,1.34,1.34,1.59,44.6,888
17619,5,7,1.34,2.04,1.42,30.26,168
17622,5,3,1.1,1.5,1.3,9.58,500
17626,5,11,2.59,2.59,1.31,64.66,400
17627,5,8,1.74,1.22,1.74,64.62,279
17631,5,0,1.74,1.42,1.42,33.93,150
17636,10,1,1.3,1.8,1.5,0,49.9
17640,5,8,1.63,1.49,1.95,38.23,248
17650,5,5,2.25,1.42,2.44,38.67,399
17651,5,5,2.14,1.9,1.2,37.98,235
17656,5,10,1.69,2.11,1.94,62.69,450.99
17667,5,0,1.52,2.07,1.52,42.81,168
17689,5,6,1.44,1.71,1.95,58.91,299
17691,10,1,1.6,1.5,1.6,1.88,18
17700,5,10,1.69,1.65,1.69,48.75,228
17706,5,9,1.92,1.37,2.04,58.27,349.66
17717,5,12,1.67,2.55,2.05,55.47,230
17732,10,0,1.9,1.3,1.3,8.95,20
17743,9,0,1.7,1.7,1.6,0,39.63
17745,5,10,1.44,2.41,2.62,44.7,300
17749,10,0,1.8,1.3,1.1,0,15
17758,9,2,1.8,1.2,1.8,2.12,88
17762,4,2,1.7,1.7,1,3.7,325
17770,5,7,1.44,2.55,1.42,33.05,100
17780,5,11,2.45,1.59,1.02,67.65,288
17797,5,6,2.47,2.15,2.15,55.74,758
17801,10,0,1.8,1.3,1.2,0,15
17806,5,9,1.27,1.42,1.42,3.05,119
17808,5,9,1.82,1.82,1.82,62.95,999
17810,4,10,2.26,1.96,2.02,63.44,699
17816,5,1,1.2,1.3,1.3,2.61,150
17819,5,3,1.22,1.04,1.42,8.52,299
17820,9,0,1.2,1.9,1.4,0,20
17822,4,11,1.52,2.17,2.02,34.8,350
17838,10,0,1.3,1,1.8,0,10
17848,2,12,1.82,1.82,1.84,48.8,899
17849,5,8,1.37,1.69,1.27,20.47,146.1
17857,5,9,1.59,1.77,1.87,55.1,366
17867,5,10,1.85,1.95,2.25,31.31,197
17873,10,1,2.05,2.05,2.05,39.29,333.3
15305,11,0,1.4,1,1.1,0,3
17885,5,9,1.91,2.33,1.27,58.99,179.66
17888,4,7,1.44,1.44,2.13,35.54,1788.8
17889,9,1,1.4,1.32,2.44,11.05,60
17890,4,5,2.19,2.19,2.19,50.97,1200
17899,5,10,1.32,1,1.1,0.94,70
17903,4,12,2.01,1.45,2.47,58.79,688
17914,4,12,1.54,1.55,1.55,42.99,230
